path,dataset,experiment,model,seed,training_regime,has_confusion_matrix
cwru/ablation_v3/mamba2_full/seed0/summary.json,cwru,ablation_v3,mamba2_full,0,,True
cwru/ablation_v3/mamba2_full/seed1/summary.json,cwru,ablation_v3,mamba2_full,1,,True
cwru/ablation_v3/mamba2_full/seed2/summary.json,cwru,ablation_v3,mamba2_full,2,,True
cwru/ablation_v3/mamba2_full/seed3/summary.json,cwru,ablation_v3,mamba2_full,3,,True
cwru/ablation_v3/mamba2_full/seed4/summary.json,cwru,ablation_v3,mamba2_full,4,,True
cwru/ablation_v3/mamba2_no_conv_embed/seed0/summary.json,cwru,ablation_v3,mamba2_no_conv_embed,0,,True
cwru/ablation_v3/mamba2_no_conv_embed/seed1/summary.json,cwru,ablation_v3,mamba2_no_conv_embed,1,,True
cwru/ablation_v3/mamba2_no_conv_embed/seed2/summary.json,cwru,ablation_v3,mamba2_no_conv_embed,2,,True
cwru/ablation_v3/mamba2_no_conv_embed/seed3/summary.json,cwru,ablation_v3,mamba2_no_conv_embed,3,,True
cwru/ablation_v3/mamba2_no_conv_embed/seed4/summary.json,cwru,ablation_v3,mamba2_no_conv_embed,4,,True
cwru/ablation_v3/mamba2_no_noise_train/seed0/summary.json,cwru,ablation_v3,mamba2_no_noise_train,0,,True
cwru/ablation_v3/mamba2_no_noise_train/seed1/summary.json,cwru,ablation_v3,mamba2_no_noise_train,1,,True
cwru/ablation_v3/mamba2_no_noise_train/seed2/summary.json,cwru,ablation_v3,mamba2_no_noise_train,2,,True
cwru/ablation_v3/mamba2_no_noise_train/seed3/summary.json,cwru,ablation_v3,mamba2_no_noise_train,3,,True
cwru/ablation_v3/mamba2_no_noise_train/seed4/summary.json,cwru,ablation_v3,mamba2_no_noise_train,4,,True
cwru/cwru_clean_v2/cnn1d/seed0_summary.json,cwru,cwru_clean_v2,cnn1d,0,clean_NA-,True
cwru/cwru_clean_v2/cnn1d/seed1_summary.json,cwru,cwru_clean_v2,cnn1d,1,clean_NA-,True
cwru/cwru_clean_v2/cnn1d/seed2_summary.json,cwru,cwru_clean_v2,cnn1d,2,clean_NA-,True
cwru/cwru_clean_v2/cnn1d/seed3_summary.json,cwru,cwru_clean_v2,cnn1d,3,clean_NA-,True
cwru/cwru_clean_v2/cnn1d/seed4_summary.json,cwru,cwru_clean_v2,cnn1d,4,clean_NA-,True
cwru/cwru_clean_v2/drsn/seed0_summary.json,cwru,cwru_clean_v2,drsn,0,clean_NA-,True
cwru/cwru_clean_v2/drsn/seed1_summary.json,cwru,cwru_clean_v2,drsn,1,clean_NA-,True
cwru/cwru_clean_v2/drsn/seed2_summary.json,cwru,cwru_clean_v2,drsn,2,clean_NA-,True
cwru/cwru_clean_v2/drsn/seed3_summary.json,cwru,cwru_clean_v2,drsn,3,clean_NA-,True
cwru/cwru_clean_v2/drsn/seed4_summary.json,cwru,cwru_clean_v2,drsn,4,clean_NA-,True
cwru/cwru_clean_v2/lstm/seed0_summary.json,cwru,cwru_clean_v2,lstm,0,clean_NA-,True
cwru/cwru_clean_v2/lstm/seed1_summary.json,cwru,cwru_clean_v2,lstm,1,clean_NA-,True
cwru/cwru_clean_v2/lstm/seed2_summary.json,cwru,cwru_clean_v2,lstm,2,clean_NA-,True
cwru/cwru_clean_v2/lstm/seed3_summary.json,cwru,cwru_clean_v2,lstm,3,clean_NA-,True
cwru/cwru_clean_v2/lstm/seed4_summary.json,cwru,cwru_clean_v2,lstm,4,clean_NA-,True
cwru/cwru_clean_v2/transformer/seed0_summary.json,cwru,cwru_clean_v2,transformer,0,clean_NA-,True
cwru/cwru_clean_v2/transformer/seed1_summary.json,cwru,cwru_clean_v2,transformer,1,clean_NA-,True
cwru/cwru_clean_v2/transformer/seed2_summary.json,cwru,cwru_clean_v2,transformer,2,clean_NA-,True
cwru/cwru_clean_v2/transformer/seed3_summary.json,cwru,cwru_clean_v2,transformer,3,clean_NA-,True
cwru/cwru_clean_v2/transformer/seed4_summary.json,cwru,cwru_clean_v2,transformer,4,clean_NA-,True
cwru/cwru_clean_v2/vibrmamba/seed0_summary.json,cwru,cwru_clean_v2,vibrmamba,0,clean_NA-,True
cwru/cwru_clean_v2/vibrmamba/seed1_summary.json,cwru,cwru_clean_v2,vibrmamba,1,clean_NA-,True
cwru/cwru_clean_v2/vibrmamba/seed2_summary.json,cwru,cwru_clean_v2,vibrmamba,2,clean_NA-,True
cwru/cwru_clean_v2/vibrmamba/seed3_summary.json,cwru,cwru_clean_v2,vibrmamba,3,clean_NA-,True
cwru/cwru_clean_v2/vibrmamba/seed4_summary.json,cwru,cwru_clean_v2,vibrmamba,4,clean_NA-,True
cwru/cwru_clean_v2/wdcnn/seed0_summary.json,cwru,cwru_clean_v2,wdcnn,0,clean_NA-,True
cwru/cwru_clean_v2/wdcnn/seed1_summary.json,cwru,cwru_clean_v2,wdcnn,1,clean_NA-,True
cwru/cwru_clean_v2/wdcnn/seed2_summary.json,cwru,cwru_clean_v2,wdcnn,2,clean_NA-,True
cwru/cwru_clean_v2/wdcnn/seed3_summary.json,cwru,cwru_clean_v2,wdcnn,3,clean_NA-,True
cwru/cwru_clean_v2/wdcnn/seed4_summary.json,cwru,cwru_clean_v2,wdcnn,4,clean_NA-,True
cwru/main_awgn_v2/cnn1d/seed0_summary.json,cwru,main_awgn_v2,cnn1d,0,,True
cwru/main_awgn_v2/cnn1d/seed1_summary.json,cwru,main_awgn_v2,cnn1d,1,,True
cwru/main_awgn_v2/cnn1d/seed2_summary.json,cwru,main_awgn_v2,cnn1d,2,,True
cwru/main_awgn_v2/cnn1d/seed3_summary.json,cwru,main_awgn_v2,cnn1d,3,,True
cwru/main_awgn_v2/cnn1d/seed4_summary.json,cwru,main_awgn_v2,cnn1d,4,,True
cwru/main_awgn_v2/drsn/seed0_summary.json,cwru,main_awgn_v2,drsn,0,,True
cwru/main_awgn_v2/drsn/seed1_summary.json,cwru,main_awgn_v2,drsn,1,,True
cwru/main_awgn_v2/drsn/seed2_summary.json,cwru,main_awgn_v2,drsn,2,,True
cwru/main_awgn_v2/drsn/seed3_summary.json,cwru,main_awgn_v2,drsn,3,,True
cwru/main_awgn_v2/drsn/seed4_summary.json,cwru,main_awgn_v2,drsn,4,,True
cwru/main_awgn_v2/lstm/seed0_summary.json,cwru,main_awgn_v2,lstm,0,,True
cwru/main_awgn_v2/lstm/seed1_summary.json,cwru,main_awgn_v2,lstm,1,,True
cwru/main_awgn_v2/lstm/seed2_summary.json,cwru,main_awgn_v2,lstm,2,,True
cwru/main_awgn_v2/lstm/seed3_summary.json,cwru,main_awgn_v2,lstm,3,,True
cwru/main_awgn_v2/lstm/seed4_summary.json,cwru,main_awgn_v2,lstm,4,,True
cwru/main_awgn_v2/mamba2/seed0_summary.json,cwru,main_awgn_v2,mamba2,0,,True
cwru/main_awgn_v2/mamba2/seed1_summary.json,cwru,main_awgn_v2,mamba2,1,,True
cwru/main_awgn_v2/mamba2/seed2_summary.json,cwru,main_awgn_v2,mamba2,2,,True
cwru/main_awgn_v2/mamba2/seed3_summary.json,cwru,main_awgn_v2,mamba2,3,,True
cwru/main_awgn_v2/mamba2/seed4_summary.json,cwru,main_awgn_v2,mamba2,4,,True
cwru/main_awgn_v2/transformer/seed0_summary.json,cwru,main_awgn_v2,transformer,0,,True
cwru/main_awgn_v2/transformer/seed1_summary.json,cwru,main_awgn_v2,transformer,1,,True
cwru/main_awgn_v2/transformer/seed2_summary.json,cwru,main_awgn_v2,transformer,2,,True
cwru/main_awgn_v2/transformer/seed3_summary.json,cwru,main_awgn_v2,transformer,3,,True
cwru/main_awgn_v2/transformer/seed4_summary.json,cwru,main_awgn_v2,transformer,4,,True
cwru/main_awgn_v2/vibrmamba/seed0_summary.json,cwru,main_awgn_v2,vibrmamba,0,,True
cwru/main_awgn_v2/vibrmamba/seed1_summary.json,cwru,main_awgn_v2,vibrmamba,1,,True
cwru/main_awgn_v2/vibrmamba/seed2_summary.json,cwru,main_awgn_v2,vibrmamba,2,,True
cwru/main_awgn_v2/vibrmamba/seed3_summary.json,cwru,main_awgn_v2,vibrmamba,3,,True
cwru/main_awgn_v2/vibrmamba/seed4_summary.json,cwru,main_awgn_v2,vibrmamba,4,,True
cwru/main_awgn_v2/wdcnn/seed0_summary.json,cwru,main_awgn_v2,wdcnn,0,,True
cwru/main_awgn_v2/wdcnn/seed1_summary.json,cwru,main_awgn_v2,wdcnn,1,,True
cwru/main_awgn_v2/wdcnn/seed2_summary.json,cwru,main_awgn_v2,wdcnn,2,,True
cwru/main_awgn_v2/wdcnn/seed3_summary.json,cwru,main_awgn_v2,wdcnn,3,,True
cwru/main_awgn_v2/wdcnn/seed4_summary.json,cwru,main_awgn_v2,wdcnn,4,,True
jnu/jnu_modeA_v2/cnn1d/seed0_summary.json,jnu,jnu_modeA_v2,cnn1d,0,,True
jnu/jnu_modeA_v2/cnn1d/seed1_summary.json,jnu,jnu_modeA_v2,cnn1d,1,,True
jnu/jnu_modeA_v2/cnn1d/seed2_summary.json,jnu,jnu_modeA_v2,cnn1d,2,,True
jnu/jnu_modeA_v2/cnn1d/seed3_summary.json,jnu,jnu_modeA_v2,cnn1d,3,,True
jnu/jnu_modeA_v2/cnn1d/seed4_summary.json,jnu,jnu_modeA_v2,cnn1d,4,,True
jnu/jnu_modeA_v2/drsn/seed0_summary.json,jnu,jnu_modeA_v2,drsn,0,,True
jnu/jnu_modeA_v2/drsn/seed1_summary.json,jnu,jnu_modeA_v2,drsn,1,,True
jnu/jnu_modeA_v2/drsn/seed2_summary.json,jnu,jnu_modeA_v2,drsn,2,,True
jnu/jnu_modeA_v2/drsn/seed3_summary.json,jnu,jnu_modeA_v2,drsn,3,,True
jnu/jnu_modeA_v2/drsn/seed4_summary.json,jnu,jnu_modeA_v2,drsn,4,,True
jnu/jnu_modeA_v2/lstm/seed0_summary.json,jnu,jnu_modeA_v2,lstm,0,,True
jnu/jnu_modeA_v2/lstm/seed1_summary.json,jnu,jnu_modeA_v2,lstm,1,,True
jnu/jnu_modeA_v2/lstm/seed2_summary.json,jnu,jnu_modeA_v2,lstm,2,,True
jnu/jnu_modeA_v2/lstm/seed3_summary.json,jnu,jnu_modeA_v2,lstm,3,,True
jnu/jnu_modeA_v2/lstm/seed4_summary.json,jnu,jnu_modeA_v2,lstm,4,,True
jnu/jnu_modeA_v2/mamba2/seed0_summary.json,jnu,jnu_modeA_v2,mamba2,0,,True
jnu/jnu_modeA_v2/mamba2/seed1_summary.json,jnu,jnu_modeA_v2,mamba2,1,,True
jnu/jnu_modeA_v2/mamba2/seed2_summary.json,jnu,jnu_modeA_v2,mamba2,2,,True
jnu/jnu_modeA_v2/mamba2/seed3_summary.json,jnu,jnu_modeA_v2,mamba2,3,,True
jnu/jnu_modeA_v2/mamba2/seed4_summary.json,jnu,jnu_modeA_v2,mamba2,4,,True
jnu/jnu_modeA_v2/transformer/seed0_summary.json,jnu,jnu_modeA_v2,transformer,0,,True
jnu/jnu_modeA_v2/transformer/seed1_summary.json,jnu,jnu_modeA_v2,transformer,1,,True
jnu/jnu_modeA_v2/transformer/seed2_summary.json,jnu,jnu_modeA_v2,transformer,2,,True
jnu/jnu_modeA_v2/transformer/seed3_summary.json,jnu,jnu_modeA_v2,transformer,3,,True
jnu/jnu_modeA_v2/transformer/seed4_summary.json,jnu,jnu_modeA_v2,transformer,4,,True
jnu/jnu_modeA_v2/vibrmamba/seed0_summary.json,jnu,jnu_modeA_v2,vibrmamba,0,,True
jnu/jnu_modeA_v2/vibrmamba/seed1_summary.json,jnu,jnu_modeA_v2,vibrmamba,1,,True
jnu/jnu_modeA_v2/vibrmamba/seed2_summary.json,jnu,jnu_modeA_v2,vibrmamba,2,,True
jnu/jnu_modeA_v2/vibrmamba/seed3_summary.json,jnu,jnu_modeA_v2,vibrmamba,3,,True
jnu/jnu_modeA_v2/vibrmamba/seed4_summary.json,jnu,jnu_modeA_v2,vibrmamba,4,,True
jnu/jnu_modeA_v2/wdcnn/seed0_summary.json,jnu,jnu_modeA_v2,wdcnn,0,,True
jnu/jnu_modeA_v2/wdcnn/seed1_summary.json,jnu,jnu_modeA_v2,wdcnn,1,,True
jnu/jnu_modeA_v2/wdcnn/seed2_summary.json,jnu,jnu_modeA_v2,wdcnn,2,,True
jnu/jnu_modeA_v2/wdcnn/seed3_summary.json,jnu,jnu_modeA_v2,wdcnn,3,,True
jnu/jnu_modeA_v2/wdcnn/seed4_summary.json,jnu,jnu_modeA_v2,wdcnn,4,,True
jnu/paperB_jnu_collapse_modeB/cnn1d/seed0.json,jnu,paperB_jnu_collapse_modeB,cnn1d,0,NA-,True
jnu/paperB_jnu_collapse_modeB/cnn1d/seed1.json,jnu,paperB_jnu_collapse_modeB,cnn1d,1,NA-,True
jnu/paperB_jnu_collapse_modeB/cnn1d/seed2.json,jnu,paperB_jnu_collapse_modeB,cnn1d,2,NA-,True
jnu/paperB_jnu_collapse_modeB/cnn1d/seed3.json,jnu,paperB_jnu_collapse_modeB,cnn1d,3,NA-,True
jnu/paperB_jnu_collapse_modeB/cnn1d/seed4.json,jnu,paperB_jnu_collapse_modeB,cnn1d,4,NA-,True
jnu/paperB_jnu_collapse_modeB/drsn/seed0.json,jnu,paperB_jnu_collapse_modeB,drsn,0,NA-,True
jnu/paperB_jnu_collapse_modeB/drsn/seed1.json,jnu,paperB_jnu_collapse_modeB,drsn,1,NA-,True
jnu/paperB_jnu_collapse_modeB/drsn/seed2.json,jnu,paperB_jnu_collapse_modeB,drsn,2,NA-,True
jnu/paperB_jnu_collapse_modeB/drsn/seed3.json,jnu,paperB_jnu_collapse_modeB,drsn,3,NA-,True
jnu/paperB_jnu_collapse_modeB/drsn/seed4.json,jnu,paperB_jnu_collapse_modeB,drsn,4,NA-,True
jnu/paperB_jnu_collapse_modeB/lstm/seed0.json,jnu,paperB_jnu_collapse_modeB,lstm,0,NA-,True
jnu/paperB_jnu_collapse_modeB/lstm/seed1.json,jnu,paperB_jnu_collapse_modeB,lstm,1,NA-,True
jnu/paperB_jnu_collapse_modeB/lstm/seed2.json,jnu,paperB_jnu_collapse_modeB,lstm,2,NA-,True
jnu/paperB_jnu_collapse_modeB/lstm/seed3.json,jnu,paperB_jnu_collapse_modeB,lstm,3,NA-,True
jnu/paperB_jnu_collapse_modeB/lstm/seed4.json,jnu,paperB_jnu_collapse_modeB,lstm,4,NA-,True
jnu/paperB_jnu_collapse_modeB/mamba2/seed0.json,jnu,paperB_jnu_collapse_modeB,mamba2,0,NA-,True
jnu/paperB_jnu_collapse_modeB/mamba2/seed1.json,jnu,paperB_jnu_collapse_modeB,mamba2,1,NA-,True
jnu/paperB_jnu_collapse_modeB/mamba2/seed2.json,jnu,paperB_jnu_collapse_modeB,mamba2,2,NA-,True
jnu/paperB_jnu_collapse_modeB/mamba2/seed3.json,jnu,paperB_jnu_collapse_modeB,mamba2,3,NA-,True
jnu/paperB_jnu_collapse_modeB/mamba2/seed4.json,jnu,paperB_jnu_collapse_modeB,mamba2,4,NA-,True
jnu/paperB_jnu_collapse_modeB/transformer/seed0.json,jnu,paperB_jnu_collapse_modeB,transformer,0,NA-,True
jnu/paperB_jnu_collapse_modeB/transformer/seed1.json,jnu,paperB_jnu_collapse_modeB,transformer,1,NA-,True
jnu/paperB_jnu_collapse_modeB/transformer/seed2.json,jnu,paperB_jnu_collapse_modeB,transformer,2,NA-,True
jnu/paperB_jnu_collapse_modeB/transformer/seed3.json,jnu,paperB_jnu_collapse_modeB,transformer,3,NA-,True
jnu/paperB_jnu_collapse_modeB/transformer/seed4.json,jnu,paperB_jnu_collapse_modeB,transformer,4,NA-,True
jnu/paperB_jnu_collapse_modeB/vibrmamba/seed0.json,jnu,paperB_jnu_collapse_modeB,vibrmamba,0,NA-,True
jnu/paperB_jnu_collapse_modeB/vibrmamba/seed1.json,jnu,paperB_jnu_collapse_modeB,vibrmamba,1,NA-,True
jnu/paperB_jnu_collapse_modeB/vibrmamba/seed2.json,jnu,paperB_jnu_collapse_modeB,vibrmamba,2,NA-,True
jnu/paperB_jnu_collapse_modeB/vibrmamba/seed3.json,jnu,paperB_jnu_collapse_modeB,vibrmamba,3,NA-,True
jnu/paperB_jnu_collapse_modeB/vibrmamba/seed4.json,jnu,paperB_jnu_collapse_modeB,vibrmamba,4,NA-,True
jnu/paperB_jnu_collapse_modeB/wdcnn/seed0.json,jnu,paperB_jnu_collapse_modeB,wdcnn,0,NA-,True
jnu/paperB_jnu_collapse_modeB/wdcnn/seed1.json,jnu,paperB_jnu_collapse_modeB,wdcnn,1,NA-,True
jnu/paperB_jnu_collapse_modeB/wdcnn/seed2.json,jnu,paperB_jnu_collapse_modeB,wdcnn,2,NA-,True
jnu/paperB_jnu_collapse_modeB/wdcnn/seed3.json,jnu,paperB_jnu_collapse_modeB,wdcnn,3,NA-,True
jnu/paperB_jnu_collapse_modeB/wdcnn/seed4.json,jnu,paperB_jnu_collapse_modeB,wdcnn,4,NA-,True
pu/paperB_pu_collapse/cnn1d/seed0.json,pu,paperB_pu_collapse,cnn1d,0,NA-,True
pu/paperB_pu_collapse/cnn1d/seed1.json,pu,paperB_pu_collapse,cnn1d,1,NA-,True
pu/paperB_pu_collapse/cnn1d/seed2.json,pu,paperB_pu_collapse,cnn1d,2,NA-,True
pu/paperB_pu_collapse/cnn1d/seed3.json,pu,paperB_pu_collapse,cnn1d,3,NA-,True
pu/paperB_pu_collapse/cnn1d/seed4.json,pu,paperB_pu_collapse,cnn1d,4,NA-,True
pu/paperB_pu_collapse/drsn/seed0.json,pu,paperB_pu_collapse,drsn,0,NA-,True
pu/paperB_pu_collapse/drsn/seed1.json,pu,paperB_pu_collapse,drsn,1,NA-,True
pu/paperB_pu_collapse/drsn/seed2.json,pu,paperB_pu_collapse,drsn,2,NA-,True
pu/paperB_pu_collapse/drsn/seed3.json,pu,paperB_pu_collapse,drsn,3,NA-,True
pu/paperB_pu_collapse/drsn/seed4.json,pu,paperB_pu_collapse,drsn,4,NA-,True
pu/paperB_pu_collapse/lstm/seed0.json,pu,paperB_pu_collapse,lstm,0,NA-,True
pu/paperB_pu_collapse/lstm/seed1.json,pu,paperB_pu_collapse,lstm,1,NA-,True
pu/paperB_pu_collapse/lstm/seed2.json,pu,paperB_pu_collapse,lstm,2,NA-,True
pu/paperB_pu_collapse/lstm/seed3.json,pu,paperB_pu_collapse,lstm,3,NA-,True
pu/paperB_pu_collapse/lstm/seed4.json,pu,paperB_pu_collapse,lstm,4,NA-,True
pu/paperB_pu_collapse/mamba2/seed0.json,pu,paperB_pu_collapse,mamba2,0,NA-,True
pu/paperB_pu_collapse/mamba2/seed1.json,pu,paperB_pu_collapse,mamba2,1,NA-,True
pu/paperB_pu_collapse/mamba2/seed2.json,pu,paperB_pu_collapse,mamba2,2,NA-,True
pu/paperB_pu_collapse/mamba2/seed3.json,pu,paperB_pu_collapse,mamba2,3,NA-,True
pu/paperB_pu_collapse/mamba2/seed4.json,pu,paperB_pu_collapse,mamba2,4,NA-,True
pu/paperB_pu_collapse/transformer/seed0.json,pu,paperB_pu_collapse,transformer,0,NA-,True
pu/paperB_pu_collapse/transformer/seed1.json,pu,paperB_pu_collapse,transformer,1,NA-,True
pu/paperB_pu_collapse/transformer/seed2.json,pu,paperB_pu_collapse,transformer,2,NA-,True
pu/paperB_pu_collapse/transformer/seed3.json,pu,paperB_pu_collapse,transformer,3,NA-,True
pu/paperB_pu_collapse/transformer/seed4.json,pu,paperB_pu_collapse,transformer,4,NA-,True
pu/paperB_pu_collapse/vibrmamba/seed0.json,pu,paperB_pu_collapse,vibrmamba,0,NA-,True
pu/paperB_pu_collapse/vibrmamba/seed1.json,pu,paperB_pu_collapse,vibrmamba,1,NA-,True
pu/paperB_pu_collapse/vibrmamba/seed2.json,pu,paperB_pu_collapse,vibrmamba,2,NA-,True
pu/paperB_pu_collapse/vibrmamba/seed3.json,pu,paperB_pu_collapse,vibrmamba,3,NA-,True
pu/paperB_pu_collapse/vibrmamba/seed4.json,pu,paperB_pu_collapse,vibrmamba,4,NA-,True
pu/paperB_pu_collapse/wdcnn/seed0.json,pu,paperB_pu_collapse,wdcnn,0,NA-,True
pu/paperB_pu_collapse/wdcnn/seed1.json,pu,paperB_pu_collapse,wdcnn,1,NA-,True
pu/paperB_pu_collapse/wdcnn/seed2.json,pu,paperB_pu_collapse,wdcnn,2,NA-,True
pu/paperB_pu_collapse/wdcnn/seed3.json,pu,paperB_pu_collapse,wdcnn,3,NA-,True
pu/paperB_pu_collapse/wdcnn/seed4.json,pu,paperB_pu_collapse,wdcnn,4,NA-,True
