instance_id,source_json,role,dataset,subset_protocol,split_seed,model,seed,seed_type,epochs,n_train,best_val_acc,noise_impl,snr_grid,collapse_rule,weights_path,weights_sha256,code_hash_at_run,code_hash_prior_screen_now,n_train_source,config_replicate_of
cwru_prior_screen::cnn1d::s0,cwru_prior_screen.json,analysis,CWRU,40file,42,cnn1d,0,torch+numpy global (train_one); eval noise RNG 未单独设种,60,6391,0.9995777010917664,add_awgn_tensor (per-window power),0|-2|-4|-6|-8,conc>=0.90 per SNR,,missing,not captured,cfa51dbecbdb0483,log header train=(),
cwru_prior_screen::cnn1d::s1,cwru_prior_screen.json,analysis,CWRU,40file,42,cnn1d,1,torch+numpy global (train_one); eval noise RNG 未单独设种,60,6391,0.9995777010917664,add_awgn_tensor (per-window power),0|-2|-4|-6|-8,conc>=0.90 per SNR,,missing,not captured,cfa51dbecbdb0483,log header train=(),
cwru_prior_screen::cnn1d::s2,cwru_prior_screen.json,analysis,CWRU,40file,42,cnn1d,2,torch+numpy global (train_one); eval noise RNG 未单独设种,60,6391,0.9995777010917664,add_awgn_tensor (per-window power),0|-2|-4|-6|-8,conc>=0.90 per SNR,,missing,not captured,cfa51dbecbdb0483,log header train=(),
cwru_prior_screen::cnn1d::s3,cwru_prior_screen.json,analysis,CWRU,40file,42,cnn1d,3,torch+numpy global (train_one); eval noise RNG 未单独设种,60,6391,0.9991554021835327,add_awgn_tensor (per-window power),0|-2|-4|-6|-8,conc>=0.90 per SNR,,missing,not captured,cfa51dbecbdb0483,log header train=(),
cwru_prior_screen::cnn1d::s4,cwru_prior_screen.json,analysis,CWRU,40file,42,cnn1d,4,torch+numpy global (train_one); eval noise RNG 未单独设种,60,6391,0.9995777010917664,add_awgn_tensor (per-window power),0|-2|-4|-6|-8,conc>=0.90 per SNR,,missing,not captured,cfa51dbecbdb0483,log header train=(),
cwru_prior_screen::wdcnn::s0,cwru_prior_screen.json,analysis,CWRU,40file,42,wdcnn,0,torch+numpy global (train_one); eval noise RNG 未单独设种,60,6391,1.0,add_awgn_tensor (per-window power),0|-2|-4|-6|-8,conc>=0.90 per SNR,,missing,not captured,cfa51dbecbdb0483,log header train=(),
cwru_prior_screen::wdcnn::s1,cwru_prior_screen.json,analysis,CWRU,40file,42,wdcnn,1,torch+numpy global (train_one); eval noise RNG 未单独设种,60,6391,0.9995777010917664,add_awgn_tensor (per-window power),0|-2|-4|-6|-8,conc>=0.90 per SNR,,missing,not captured,cfa51dbecbdb0483,log header train=(),
cwru_prior_screen::wdcnn::s2,cwru_prior_screen.json,analysis,CWRU,40file,42,wdcnn,2,torch+numpy global (train_one); eval noise RNG 未单独设种,60,6391,0.9995777010917664,add_awgn_tensor (per-window power),0|-2|-4|-6|-8,conc>=0.90 per SNR,,missing,not captured,cfa51dbecbdb0483,log header train=(),
cwru_prior_screen::wdcnn::s3,cwru_prior_screen.json,analysis,CWRU,40file,42,wdcnn,3,torch+numpy global (train_one); eval noise RNG 未单独设种,60,6391,1.0,add_awgn_tensor (per-window power),0|-2|-4|-6|-8,conc>=0.90 per SNR,,missing,not captured,cfa51dbecbdb0483,log header train=(),
cwru_prior_screen::wdcnn::s4,cwru_prior_screen.json,analysis,CWRU,40file,42,wdcnn,4,torch+numpy global (train_one); eval noise RNG 未单独设种,60,6391,1.0,add_awgn_tensor (per-window power),0|-2|-4|-6|-8,conc>=0.90 per SNR,,missing,not captured,cfa51dbecbdb0483,log header train=(),
cwru_prior_screen::lstm::s0,cwru_prior_screen.json,analysis,CWRU,40file,42,lstm,0,torch+numpy global (train_one); eval noise RNG 未单独设种,60,6391,0.9983108043670654,add_awgn_tensor (per-window power),0|-2|-4|-6|-8,conc>=0.90 per SNR,,missing,not captured,cfa51dbecbdb0483,log header train=(),
cwru_prior_screen::lstm::s1,cwru_prior_screen.json,analysis,CWRU,40file,42,lstm,1,torch+numpy global (train_one); eval noise RNG 未单独设种,60,6391,0.9970439076423645,add_awgn_tensor (per-window power),0|-2|-4|-6|-8,conc>=0.90 per SNR,,missing,not captured,cfa51dbecbdb0483,log header train=(),
cwru_prior_screen::lstm::s2,cwru_prior_screen.json,analysis,CWRU,40file,42,lstm,2,torch+numpy global (train_one); eval noise RNG 未单独设种,60,6391,0.9974662065505981,add_awgn_tensor (per-window power),0|-2|-4|-6|-8,conc>=0.90 per SNR,,missing,not captured,cfa51dbecbdb0483,log header train=(),
cwru_prior_screen::lstm::s3,cwru_prior_screen.json,analysis,CWRU,40file,42,lstm,3,torch+numpy global (train_one); eval noise RNG 未单独设种,60,6391,0.9987331032752991,add_awgn_tensor (per-window power),0|-2|-4|-6|-8,conc>=0.90 per SNR,,missing,not captured,cfa51dbecbdb0483,log header train=(),
cwru_prior_screen::lstm::s4,cwru_prior_screen.json,analysis,CWRU,40file,42,lstm,4,torch+numpy global (train_one); eval noise RNG 未单独设种,60,6391,0.9987331032752991,add_awgn_tensor (per-window power),0|-2|-4|-6|-8,conc>=0.90 per SNR,,missing,not captured,cfa51dbecbdb0483,log header train=(),
cwru_prior_screen::transformer::s0,cwru_prior_screen.json,analysis,CWRU,40file,42,transformer,0,torch+numpy global (train_one); eval noise RNG 未单独设种,60,6391,0.9978885054588318,add_awgn_tensor (per-window power),0|-2|-4|-6|-8,conc>=0.90 per SNR,,missing,not captured,cfa51dbecbdb0483,log header train=(),
cwru_prior_screen::transformer::s1,cwru_prior_screen.json,analysis,CWRU,40file,42,transformer,1,torch+numpy global (train_one); eval noise RNG 未单独设种,60,6391,0.9978885054588318,add_awgn_tensor (per-window power),0|-2|-4|-6|-8,conc>=0.90 per SNR,,missing,not captured,cfa51dbecbdb0483,log header train=(),
cwru_prior_screen::transformer::s2,cwru_prior_screen.json,analysis,CWRU,40file,42,transformer,2,torch+numpy global (train_one); eval noise RNG 未单独设种,60,6391,0.9991554021835327,add_awgn_tensor (per-window power),0|-2|-4|-6|-8,conc>=0.90 per SNR,,missing,not captured,cfa51dbecbdb0483,log header train=(),
cwru_prior_screen::transformer::s3,cwru_prior_screen.json,analysis,CWRU,40file,42,transformer,3,torch+numpy global (train_one); eval noise RNG 未单独设种,60,6391,0.9991554021835327,add_awgn_tensor (per-window power),0|-2|-4|-6|-8,conc>=0.90 per SNR,,missing,not captured,cfa51dbecbdb0483,log header train=(),
cwru_prior_screen::transformer::s4,cwru_prior_screen.json,analysis,CWRU,40file,42,transformer,4,torch+numpy global (train_one); eval noise RNG 未单独设种,60,6391,1.0,add_awgn_tensor (per-window power),0|-2|-4|-6|-8,conc>=0.90 per SNR,,missing,not captured,cfa51dbecbdb0483,log header train=(),
cwru_prior_screen::drsn::s0,cwru_prior_screen.json,analysis,CWRU,40file,42,drsn,0,torch+numpy global (train_one); eval noise RNG 未单独设种,60,6391,0.9995777010917664,add_awgn_tensor (per-window power),0|-2|-4|-6|-8,conc>=0.90 per SNR,,missing,not captured,cfa51dbecbdb0483,log header train=(),
cwru_prior_screen::drsn::s1,cwru_prior_screen.json,analysis,CWRU,40file,42,drsn,1,torch+numpy global (train_one); eval noise RNG 未单独设种,60,6391,1.0,add_awgn_tensor (per-window power),0|-2|-4|-6|-8,conc>=0.90 per SNR,,missing,not captured,cfa51dbecbdb0483,log header train=(),
cwru_prior_screen::drsn::s2,cwru_prior_screen.json,analysis,CWRU,40file,42,drsn,2,torch+numpy global (train_one); eval noise RNG 未单独设种,60,6391,0.9995777010917664,add_awgn_tensor (per-window power),0|-2|-4|-6|-8,conc>=0.90 per SNR,,missing,not captured,cfa51dbecbdb0483,log header train=(),
cwru_prior_screen::drsn::s3,cwru_prior_screen.json,analysis,CWRU,40file,42,drsn,3,torch+numpy global (train_one); eval noise RNG 未单独设种,60,6391,0.9995777010917664,add_awgn_tensor (per-window power),0|-2|-4|-6|-8,conc>=0.90 per SNR,,missing,not captured,cfa51dbecbdb0483,log header train=(),
cwru_prior_screen::drsn::s4,cwru_prior_screen.json,analysis,CWRU,40file,42,drsn,4,torch+numpy global (train_one); eval noise RNG 未单独设种,60,6391,0.9995777010917664,add_awgn_tensor (per-window power),0|-2|-4|-6|-8,conc>=0.90 per SNR,,missing,not captured,cfa51dbecbdb0483,log header train=(),
cwru_ep100_probe::cnn1d::s0,cwru_ep100_probe.json,analysis,CWRU,40file,42,cnn1d,0,torch+numpy global (train_one); eval noise RNG 未单独设种,100,6391,0.9995777010917664,add_awgn_tensor (per-window power),-8|-6|-4|-2|0,conc>=0.90 per SNR,,missing,not captured,cfa51dbecbdb0483,record,
cwru_ep100_probe::cnn1d::s1,cwru_ep100_probe.json,analysis,CWRU,40file,42,cnn1d,1,torch+numpy global (train_one); eval noise RNG 未单独设种,100,6391,0.9995777010917664,add_awgn_tensor (per-window power),-8|-6|-4|-2|0,conc>=0.90 per SNR,,missing,not captured,cfa51dbecbdb0483,record,
cwru_ep100_probe::wdcnn::s0,cwru_ep100_probe.json,analysis,CWRU,40file,42,wdcnn,0,torch+numpy global (train_one); eval noise RNG 未单独设种,100,6391,1.0,add_awgn_tensor (per-window power),-8|-6|-4|-2|0,conc>=0.90 per SNR,,missing,not captured,cfa51dbecbdb0483,record,
cwru_ep100_probe::wdcnn::s1,cwru_ep100_probe.json,analysis,CWRU,40file,42,wdcnn,1,torch+numpy global (train_one); eval noise RNG 未单独设种,100,6391,1.0,add_awgn_tensor (per-window power),-8|-6|-4|-2|0,conc>=0.90 per SNR,,missing,not captured,cfa51dbecbdb0483,record,
cwru_ep100_probe::drsn::s0,cwru_ep100_probe.json,analysis,CWRU,40file,42,drsn,0,torch+numpy global (train_one); eval noise RNG 未单独设种,100,6391,0.9995777010917664,add_awgn_tensor (per-window power),-8|-6|-4|-2|0,conc>=0.90 per SNR,,missing,not captured,cfa51dbecbdb0483,record,
cwru_ep100_probe::drsn::s1,cwru_ep100_probe.json,analysis,CWRU,40file,42,drsn,1,torch+numpy global (train_one); eval noise RNG 未单独设种,100,6391,0.9995777010917664,add_awgn_tensor (per-window power),-8|-6|-4|-2|0,conc>=0.90 per SNR,,missing,not captured,cfa51dbecbdb0483,record,
cwru_16file_probe::cnn1d::s0,cwru_16file_probe.json,analysis,CWRU,16file,42,cnn1d,0,torch+numpy global (train_one); eval noise RNG 未单独设种,100,2844,1.0,add_awgn_tensor (per-window power),-8|-6|-4|-2|0,conc>=0.90 per SNR,,missing,not captured,cfa51dbecbdb0483,record,
cwru_16file_probe::cnn1d::s1,cwru_16file_probe.json,analysis,CWRU,16file,42,cnn1d,1,torch+numpy global (train_one); eval noise RNG 未单独设种,100,2844,1.0,add_awgn_tensor (per-window power),-8|-6|-4|-2|0,conc>=0.90 per SNR,,missing,not captured,cfa51dbecbdb0483,record,
cwru_16file_probe::wdcnn::s0,cwru_16file_probe.json,analysis,CWRU,16file,42,wdcnn,0,torch+numpy global (train_one); eval noise RNG 未单独设种,100,2844,1.0,add_awgn_tensor (per-window power),-8|-6|-4|-2|0,conc>=0.90 per SNR,,missing,not captured,cfa51dbecbdb0483,record,
cwru_16file_probe::wdcnn::s1,cwru_16file_probe.json,analysis,CWRU,16file,42,wdcnn,1,torch+numpy global (train_one); eval noise RNG 未单独设种,100,2844,1.0,add_awgn_tensor (per-window power),-8|-6|-4|-2|0,conc>=0.90 per SNR,,missing,not captured,cfa51dbecbdb0483,record,
cwru_16file_probe::drsn::s0,cwru_16file_probe.json,analysis,CWRU,16file,42,drsn,0,torch+numpy global (train_one); eval noise RNG 未单独设种,100,2844,1.0,add_awgn_tensor (per-window power),-8|-6|-4|-2|0,conc>=0.90 per SNR,,missing,not captured,cfa51dbecbdb0483,record,
cwru_16file_probe::drsn::s1,cwru_16file_probe.json,analysis,CWRU,16file,42,drsn,1,torch+numpy global (train_one); eval noise RNG 未单独设种,100,2844,1.0,add_awgn_tensor (per-window power),-8|-6|-4|-2|0,conc>=0.90 per SNR,,missing,not captured,cfa51dbecbdb0483,record,
cwru40_ckpt_probe::cnn1d::s0,cwru40_ckpt_probe.json,analysis,CWRU,40file,42,cnn1d,0,torch+numpy global (train_one); eval noise RNG 未单独设种,100,6391,0.9995777010917664,add_awgn_tensor (per-window power),-8|-6|-4|-2|0,conc>=0.90 per SNR,results/ckpt_cwru40/cnn1d_s0.pt,fcf10849f5689ba5af77fb4c1708935219d9accc33f156ef70bcd1ccd2dfcd13,not captured,cfa51dbecbdb0483,record,cwru_ep100_probe.json
cwru40_ckpt_probe::cnn1d::s1,cwru40_ckpt_probe.json,analysis,CWRU,40file,42,cnn1d,1,torch+numpy global (train_one); eval noise RNG 未单独设种,100,6391,0.9995777010917664,add_awgn_tensor (per-window power),-8|-6|-4|-2|0,conc>=0.90 per SNR,results/ckpt_cwru40/cnn1d_s1.pt,79a7c165faf8f0a0847ef64e15ecc35bf380449202f163df21ec8f68f2d756e3,not captured,cfa51dbecbdb0483,record,cwru_ep100_probe.json
cwru40_ckpt_probe::wdcnn::s0,cwru40_ckpt_probe.json,analysis,CWRU,40file,42,wdcnn,0,torch+numpy global (train_one); eval noise RNG 未单独设种,100,6391,1.0,add_awgn_tensor (per-window power),-8|-6|-4|-2|0,conc>=0.90 per SNR,results/ckpt_cwru40/wdcnn_s0.pt,996b8ebd27c0c4ed66d56f2d0319ddb5292b0d64dbe5bc28ad7f07f3899863b2,not captured,cfa51dbecbdb0483,record,cwru_ep100_probe.json
cwru40_ckpt_probe::wdcnn::s1,cwru40_ckpt_probe.json,analysis,CWRU,40file,42,wdcnn,1,torch+numpy global (train_one); eval noise RNG 未单独设种,100,6391,1.0,add_awgn_tensor (per-window power),-8|-6|-4|-2|0,conc>=0.90 per SNR,results/ckpt_cwru40/wdcnn_s1.pt,40a00dbd231f5ab2a4ad6d70b334eb5b89a6af214b0dc08fb176af9ea30e8602,not captured,cfa51dbecbdb0483,record,cwru_ep100_probe.json
cwru40_ckpt_probe::drsn::s0,cwru40_ckpt_probe.json,analysis,CWRU,40file,42,drsn,0,torch+numpy global (train_one); eval noise RNG 未单独设种,100,6391,0.9995777010917664,add_awgn_tensor (per-window power),-8|-6|-4|-2|0,conc>=0.90 per SNR,results/ckpt_cwru40/drsn_s0.pt,d3db13b8d0648180ba2ae00e9a8f953122d4a1986ad00c9b78f20a4d44ebc9a4,not captured,cfa51dbecbdb0483,record,cwru_ep100_probe.json
cwru40_ckpt_probe::drsn::s1,cwru40_ckpt_probe.json,analysis,CWRU,40file,42,drsn,1,torch+numpy global (train_one); eval noise RNG 未单独设种,100,6391,0.9995777010917664,add_awgn_tensor (per-window power),-8|-6|-4|-2|0,conc>=0.90 per SNR,results/ckpt_cwru40/drsn_s1.pt,cc3c9adff9123140945302338e83d038a5f4a46c601c11b6531e82854da2f03d,not captured,cfa51dbecbdb0483,record,cwru_ep100_probe.json
cwru16_ckpt_probe::cnn1d::s0,cwru16_ckpt_probe.json,analysis,CWRU,16file,42,cnn1d,0,torch+numpy global (train_one); eval noise RNG 未单独设种,100,2844,1.0,add_awgn_tensor (per-window power),-8|-6|-4|-2|0,conc>=0.90 per SNR,results/ckpt_cwru16/cnn1d_s0.pt,3bc908caf8e1842b5f17a1914fa6aff155d4e6ea5436d16018b651ec92ce2209,not captured,cfa51dbecbdb0483,record,cwru_16file_probe.json
cwru16_ckpt_probe::cnn1d::s1,cwru16_ckpt_probe.json,analysis,CWRU,16file,42,cnn1d,1,torch+numpy global (train_one); eval noise RNG 未单独设种,100,2844,1.0,add_awgn_tensor (per-window power),-8|-6|-4|-2|0,conc>=0.90 per SNR,results/ckpt_cwru16/cnn1d_s1.pt,17137956cd37248a43366926212c30b18570963f13091968994324076dbab82d,not captured,cfa51dbecbdb0483,record,cwru_16file_probe.json
cwru16_ckpt_probe::wdcnn::s0,cwru16_ckpt_probe.json,analysis,CWRU,16file,42,wdcnn,0,torch+numpy global (train_one); eval noise RNG 未单独设种,100,2844,1.0,add_awgn_tensor (per-window power),-8|-6|-4|-2|0,conc>=0.90 per SNR,results/ckpt_cwru16/wdcnn_s0.pt,e056afdc17c955fd70ef7c606b257259586dc2de9b6cdbb1031d2e79c3e2c6fc,not captured,cfa51dbecbdb0483,record,cwru_16file_probe.json
cwru16_ckpt_probe::wdcnn::s1,cwru16_ckpt_probe.json,analysis,CWRU,16file,42,wdcnn,1,torch+numpy global (train_one); eval noise RNG 未单独设种,100,2844,1.0,add_awgn_tensor (per-window power),-8|-6|-4|-2|0,conc>=0.90 per SNR,results/ckpt_cwru16/wdcnn_s1.pt,0b30ebb1e42780cc1f9f6c52f244133c27a44346f78b991edeac745b03ba79af,not captured,cfa51dbecbdb0483,record,cwru_16file_probe.json
cwru16_ckpt_probe::drsn::s0,cwru16_ckpt_probe.json,analysis,CWRU,16file,42,drsn,0,torch+numpy global (train_one); eval noise RNG 未单独设种,100,2844,1.0,add_awgn_tensor (per-window power),-8|-6|-4|-2|0,conc>=0.90 per SNR,results/ckpt_cwru16/drsn_s0.pt,c45d8f7f1f63321a62521a940b9ce109734ad3e1f4050fc47c3d450f18731212,not captured,cfa51dbecbdb0483,record,cwru_16file_probe.json
cwru16_ckpt_probe::drsn::s1,cwru16_ckpt_probe.json,analysis,CWRU,16file,42,drsn,1,torch+numpy global (train_one); eval noise RNG 未单独设种,100,2844,1.0,add_awgn_tensor (per-window power),-8|-6|-4|-2|0,conc>=0.90 per SNR,results/ckpt_cwru16/drsn_s1.pt,17577bcc06aa90e505a088b52475a0f406b43b07a523968d44a587a959720191,not captured,cfa51dbecbdb0483,record,cwru_16file_probe.json
jnu_prior_screen::cnn1d::s0,jnu_prior_screen.json,analysis,JNU,modeA_rpm600,,cnn1d,0,torch+numpy global (train_one); eval noise RNG 未单独设种,100,3513,1.0,add_awgn_tensor (per-window power),0|-4|-8,conc>=0.90 per SNR,,missing,not captured,cfa51dbecbdb0483,log header train=(),
jnu_prior_screen::cnn1d::s1,jnu_prior_screen.json,analysis,JNU,modeA_rpm600,,cnn1d,1,torch+numpy global (train_one); eval noise RNG 未单独设种,100,3513,1.0,add_awgn_tensor (per-window power),0|-4|-8,conc>=0.90 per SNR,,missing,not captured,cfa51dbecbdb0483,log header train=(),
jnu_prior_screen::cnn1d::s2,jnu_prior_screen.json,analysis,JNU,modeA_rpm600,,cnn1d,2,torch+numpy global (train_one); eval noise RNG 未单独设种,100,3513,1.0,add_awgn_tensor (per-window power),0|-4|-8,conc>=0.90 per SNR,,missing,not captured,cfa51dbecbdb0483,log header train=(),
jnu_prior_screen::cnn1d::s3,jnu_prior_screen.json,analysis,JNU,modeA_rpm600,,cnn1d,3,torch+numpy global (train_one); eval noise RNG 未单独设种,100,3513,1.0,add_awgn_tensor (per-window power),0|-4|-8,conc>=0.90 per SNR,,missing,not captured,cfa51dbecbdb0483,log header train=(),
jnu_prior_screen::cnn1d::s4,jnu_prior_screen.json,analysis,JNU,modeA_rpm600,,cnn1d,4,torch+numpy global (train_one); eval noise RNG 未单独设种,100,3513,1.0,add_awgn_tensor (per-window power),0|-4|-8,conc>=0.90 per SNR,,missing,not captured,cfa51dbecbdb0483,log header train=(),
jnu_prior_screen::wdcnn::s0,jnu_prior_screen.json,analysis,JNU,modeA_rpm600,,wdcnn,0,torch+numpy global (train_one); eval noise RNG 未单独设种,100,3513,1.0,add_awgn_tensor (per-window power),0|-4|-8,conc>=0.90 per SNR,,missing,not captured,cfa51dbecbdb0483,log header train=(),
jnu_prior_screen::wdcnn::s1,jnu_prior_screen.json,analysis,JNU,modeA_rpm600,,wdcnn,1,torch+numpy global (train_one); eval noise RNG 未单独设种,100,3513,1.0,add_awgn_tensor (per-window power),0|-4|-8,conc>=0.90 per SNR,,missing,not captured,cfa51dbecbdb0483,log header train=(),
jnu_prior_screen::wdcnn::s2,jnu_prior_screen.json,analysis,JNU,modeA_rpm600,,wdcnn,2,torch+numpy global (train_one); eval noise RNG 未单独设种,100,3513,1.0,add_awgn_tensor (per-window power),0|-4|-8,conc>=0.90 per SNR,,missing,not captured,cfa51dbecbdb0483,log header train=(),
jnu_prior_screen::wdcnn::s3,jnu_prior_screen.json,analysis,JNU,modeA_rpm600,,wdcnn,3,torch+numpy global (train_one); eval noise RNG 未单独设种,100,3513,1.0,add_awgn_tensor (per-window power),0|-4|-8,conc>=0.90 per SNR,,missing,not captured,cfa51dbecbdb0483,log header train=(),
jnu_prior_screen::wdcnn::s4,jnu_prior_screen.json,analysis,JNU,modeA_rpm600,,wdcnn,4,torch+numpy global (train_one); eval noise RNG 未单独设种,100,3513,1.0,add_awgn_tensor (per-window power),0|-4|-8,conc>=0.90 per SNR,,missing,not captured,cfa51dbecbdb0483,log header train=(),
jnu_prior_screen::lstm::s0,jnu_prior_screen.json,analysis,JNU,modeA_rpm600,,lstm,0,torch+numpy global (train_one); eval noise RNG 未单独设种,100,3513,0.9811482429504395,add_awgn_tensor (per-window power),0|-4|-8,conc>=0.90 per SNR,,missing,not captured,cfa51dbecbdb0483,log header train=(),
jnu_prior_screen::lstm::s1,jnu_prior_screen.json,analysis,JNU,modeA_rpm600,,lstm,1,torch+numpy global (train_one); eval noise RNG 未单独设种,100,3513,0.9862896203994751,add_awgn_tensor (per-window power),0|-4|-8,conc>=0.90 per SNR,,missing,not captured,cfa51dbecbdb0483,log header train=(),
jnu_prior_screen::lstm::s2,jnu_prior_screen.json,analysis,JNU,modeA_rpm600,,lstm,2,torch+numpy global (train_one); eval noise RNG 未单独设种,100,3513,0.9854327440261841,add_awgn_tensor (per-window power),0|-4|-8,conc>=0.90 per SNR,,missing,not captured,cfa51dbecbdb0483,log header train=(),
jnu_prior_screen::lstm::s3,jnu_prior_screen.json,analysis,JNU,modeA_rpm600,,lstm,3,torch+numpy global (train_one); eval noise RNG 未单独设种,100,3513,0.9862896203994751,add_awgn_tensor (per-window power),0|-4|-8,conc>=0.90 per SNR,,missing,not captured,cfa51dbecbdb0483,log header train=(),
jnu_prior_screen::lstm::s4,jnu_prior_screen.json,analysis,JNU,modeA_rpm600,,lstm,4,torch+numpy global (train_one); eval noise RNG 未单独设种,100,3513,0.9897172451019287,add_awgn_tensor (per-window power),0|-4|-8,conc>=0.90 per SNR,,missing,not captured,cfa51dbecbdb0483,log header train=(),
jnu_prior_screen::transformer::s0,jnu_prior_screen.json,analysis,JNU,modeA_rpm600,,transformer,0,torch+numpy global (train_one); eval noise RNG 未单独设种,100,3513,0.9691516757011414,add_awgn_tensor (per-window power),0|-4|-8,conc>=0.90 per SNR,,missing,not captured,cfa51dbecbdb0483,log header train=(),
jnu_prior_screen::transformer::s1,jnu_prior_screen.json,analysis,JNU,modeA_rpm600,,transformer,1,torch+numpy global (train_one); eval noise RNG 未单独设种,100,3513,0.9674378633499146,add_awgn_tensor (per-window power),0|-4|-8,conc>=0.90 per SNR,,missing,not captured,cfa51dbecbdb0483,log header train=(),
jnu_prior_screen::transformer::s2,jnu_prior_screen.json,analysis,JNU,modeA_rpm600,,transformer,2,torch+numpy global (train_one); eval noise RNG 未单独设种,100,3513,0.9708654880523682,add_awgn_tensor (per-window power),0|-4|-8,conc>=0.90 per SNR,,missing,not captured,cfa51dbecbdb0483,log header train=(),
jnu_prior_screen::transformer::s3,jnu_prior_screen.json,analysis,JNU,modeA_rpm600,,transformer,3,torch+numpy global (train_one); eval noise RNG 未单独设种,100,3513,0.9622964859008789,add_awgn_tensor (per-window power),0|-4|-8,conc>=0.90 per SNR,,missing,not captured,cfa51dbecbdb0483,log header train=(),
jnu_prior_screen::transformer::s4,jnu_prior_screen.json,analysis,JNU,modeA_rpm600,,transformer,4,torch+numpy global (train_one); eval noise RNG 未单独设种,100,3513,0.9597257971763611,add_awgn_tensor (per-window power),0|-4|-8,conc>=0.90 per SNR,,missing,not captured,cfa51dbecbdb0483,log header train=(),
jnu_prior_screen::drsn::s0,jnu_prior_screen.json,analysis,JNU,modeA_rpm600,,drsn,0,torch+numpy global (train_one); eval noise RNG 未单独设种,100,3513,0.9940016865730286,add_awgn_tensor (per-window power),0|-4|-8,conc>=0.90 per SNR,,missing,not captured,cfa51dbecbdb0483,log header train=(),
jnu_prior_screen::drsn::s1,jnu_prior_screen.json,analysis,JNU,modeA_rpm600,,drsn,1,torch+numpy global (train_one); eval noise RNG 未单独设种,100,3513,0.9948586225509644,add_awgn_tensor (per-window power),0|-4|-8,conc>=0.90 per SNR,,missing,not captured,cfa51dbecbdb0483,log header train=(),
jnu_prior_screen::drsn::s2,jnu_prior_screen.json,analysis,JNU,modeA_rpm600,,drsn,2,torch+numpy global (train_one); eval noise RNG 未单独设种,100,3513,0.9974293112754822,add_awgn_tensor (per-window power),0|-4|-8,conc>=0.90 per SNR,,missing,not captured,cfa51dbecbdb0483,log header train=(),
jnu_prior_screen::drsn::s3,jnu_prior_screen.json,analysis,JNU,modeA_rpm600,,drsn,3,torch+numpy global (train_one); eval noise RNG 未单独设种,100,3513,0.9965724349021912,add_awgn_tensor (per-window power),0|-4|-8,conc>=0.90 per SNR,,missing,not captured,cfa51dbecbdb0483,log header train=(),
jnu_prior_screen::drsn::s4,jnu_prior_screen.json,analysis,JNU,modeA_rpm600,,drsn,4,torch+numpy global (train_one); eval noise RNG 未单独设种,100,3513,0.9948586225509644,add_awgn_tensor (per-window power),0|-4|-8,conc>=0.90 per SNR,,missing,not captured,cfa51dbecbdb0483,log header train=(),
jnu_fine_snr::cnn1d::s0,jnu_fine_snr.json,analysis,JNU,modeA_rpm600|arm=orig,,cnn1d,0,torch+numpy global (train_one); eval noise RNG 未单独设种,100,3513,1.0,add_awgn_tensor (per-window power),4|3|2|1|0|-1|-2|-3|-4|-5|-6|-7|-8|-9|-10,conc>=0.90 per SNR,results/ckpt_jnu_fine/cnn1d_s0.pt,b58831b4c9b0b026c8bf6e48fec958d2a2e31714b8b8784ce38182b2ecaddfff,not captured,cfa51dbecbdb0483,record,
jnu_fine_snr::cnn1d::s1,jnu_fine_snr.json,analysis,JNU,modeA_rpm600|arm=orig,,cnn1d,1,torch+numpy global (train_one); eval noise RNG 未单独设种,100,3513,1.0,add_awgn_tensor (per-window power),4|3|2|1|0|-1|-2|-3|-4|-5|-6|-7|-8|-9|-10,conc>=0.90 per SNR,results/ckpt_jnu_fine/cnn1d_s1.pt,b74d53962ddb53eb03d65fd31de84313b842ac5180b9c06f34dad59e8fe79dc6,not captured,cfa51dbecbdb0483,record,
jnu_fine_snr::cnn1d::s2,jnu_fine_snr.json,analysis,JNU,modeA_rpm600|arm=orig,,cnn1d,2,torch+numpy global (train_one); eval noise RNG 未单独设种,100,3513,1.0,add_awgn_tensor (per-window power),4|3|2|1|0|-1|-2|-3|-4|-5|-6|-7|-8|-9|-10,conc>=0.90 per SNR,results/ckpt_jnu_fine/cnn1d_s2.pt,7a364dc5f886a5763057d62d041ed431ffeaa98b99e5d6d189e85cccbd852d3d,not captured,cfa51dbecbdb0483,record,
jnu_fine_snr::cnn1d::s3,jnu_fine_snr.json,analysis,JNU,modeA_rpm600|arm=orig,,cnn1d,3,torch+numpy global (train_one); eval noise RNG 未单独设种,100,3513,1.0,add_awgn_tensor (per-window power),4|3|2|1|0|-1|-2|-3|-4|-5|-6|-7|-8|-9|-10,conc>=0.90 per SNR,results/ckpt_jnu_fine/cnn1d_s3.pt,d1fe814966f664f4e07d9af6feb057ecaf127db21d9da7c798c5cedd1468ec94,not captured,cfa51dbecbdb0483,record,
jnu_fine_snr::cnn1d::s4,jnu_fine_snr.json,analysis,JNU,modeA_rpm600|arm=orig,,cnn1d,4,torch+numpy global (train_one); eval noise RNG 未单独设种,100,3513,1.0,add_awgn_tensor (per-window power),4|3|2|1|0|-1|-2|-3|-4|-5|-6|-7|-8|-9|-10,conc>=0.90 per SNR,results/ckpt_jnu_fine/cnn1d_s4.pt,80a6c98d34880cf1f3446ca4c6be9cc355d9cc8249c6129cde11629e8c58fa36,not captured,cfa51dbecbdb0483,record,
jnu_fine_snr::wdcnn::s0,jnu_fine_snr.json,analysis,JNU,modeA_rpm600|arm=orig,,wdcnn,0,torch+numpy global (train_one); eval noise RNG 未单独设种,100,3513,1.0,add_awgn_tensor (per-window power),4|3|2|1|0|-1|-2|-3|-4|-5|-6|-7|-8|-9|-10,conc>=0.90 per SNR,results/ckpt_jnu_fine/wdcnn_s0.pt,9b5a4a21f733cd4227d90fbe4c9ac2f7b1b2e8ffb3bbcd8819b3ed3f7b378e23,not captured,cfa51dbecbdb0483,record,
jnu_fine_snr::wdcnn::s1,jnu_fine_snr.json,analysis,JNU,modeA_rpm600|arm=orig,,wdcnn,1,torch+numpy global (train_one); eval noise RNG 未单独设种,100,3513,0.999143123626709,add_awgn_tensor (per-window power),4|3|2|1|0|-1|-2|-3|-4|-5|-6|-7|-8|-9|-10,conc>=0.90 per SNR,results/ckpt_jnu_fine/wdcnn_s1.pt,0b1fe7f2b0940bd83975c3fd3eda9fa40d9e565495b57217f03375d39fd49863,not captured,cfa51dbecbdb0483,record,
jnu_fine_snr::wdcnn::s2,jnu_fine_snr.json,analysis,JNU,modeA_rpm600|arm=orig,,wdcnn,2,torch+numpy global (train_one); eval noise RNG 未单独设种,100,3513,1.0,add_awgn_tensor (per-window power),4|3|2|1|0|-1|-2|-3|-4|-5|-6|-7|-8|-9|-10,conc>=0.90 per SNR,results/ckpt_jnu_fine/wdcnn_s2.pt,fed6a7724482a71ac8cf3e6c14e658a288fe0f205bf190b46937d27f9f15461a,not captured,cfa51dbecbdb0483,record,
jnu_fine_snr::wdcnn::s3,jnu_fine_snr.json,analysis,JNU,modeA_rpm600|arm=orig,,wdcnn,3,torch+numpy global (train_one); eval noise RNG 未单独设种,100,3513,1.0,add_awgn_tensor (per-window power),4|3|2|1|0|-1|-2|-3|-4|-5|-6|-7|-8|-9|-10,conc>=0.90 per SNR,results/ckpt_jnu_fine/wdcnn_s3.pt,17631238499a754e212a05e5f71057d26eb665b067f9d4d4a9988b406dfde665,not captured,cfa51dbecbdb0483,record,
jnu_fine_snr::wdcnn::s4,jnu_fine_snr.json,analysis,JNU,modeA_rpm600|arm=orig,,wdcnn,4,torch+numpy global (train_one); eval noise RNG 未单独设种,100,3513,1.0,add_awgn_tensor (per-window power),4|3|2|1|0|-1|-2|-3|-4|-5|-6|-7|-8|-9|-10,conc>=0.90 per SNR,results/ckpt_jnu_fine/wdcnn_s4.pt,cf6340b13327d6033e070cfa539f048d5babb703ef1d5be02548e47dcda3f3e8,not captured,cfa51dbecbdb0483,record,
jnu_fine_snr::lstm::s0,jnu_fine_snr.json,analysis,JNU,modeA_rpm600|arm=orig,,lstm,0,torch+numpy global (train_one); eval noise RNG 未单独设种,100,3513,0.9880034327507019,add_awgn_tensor (per-window power),4|3|2|1|0|-1|-2|-3|-4|-5|-6|-7|-8|-9|-10,conc>=0.90 per SNR,results/ckpt_jnu_fine/lstm_s0.pt,7c57b318394af2e7ccc4fd1e970c1229762508a0b3762aa5aecd06398e57a1c3,not captured,cfa51dbecbdb0483,record,
jnu_fine_snr::lstm::s1,jnu_fine_snr.json,analysis,JNU,modeA_rpm600|arm=orig,,lstm,1,torch+numpy global (train_one); eval noise RNG 未单独设种,100,3513,0.9871465563774109,add_awgn_tensor (per-window power),4|3|2|1|0|-1|-2|-3|-4|-5|-6|-7|-8|-9|-10,conc>=0.90 per SNR,results/ckpt_jnu_fine/lstm_s1.pt,05657db09f3ad427aea3cd0c771cc173b1252041e4f070949508365a0496c630,not captured,cfa51dbecbdb0483,record,
jnu_fine_snr::lstm::s2,jnu_fine_snr.json,analysis,JNU,modeA_rpm600|arm=orig,,lstm,2,torch+numpy global (train_one); eval noise RNG 未单独设种,100,3513,0.9914309978485107,add_awgn_tensor (per-window power),4|3|2|1|0|-1|-2|-3|-4|-5|-6|-7|-8|-9|-10,conc>=0.90 per SNR,results/ckpt_jnu_fine/lstm_s2.pt,4554957a146418bd02fa2d6dab16e1cc62c2d498e12a300af2da00a1d7db8bfd,not captured,cfa51dbecbdb0483,record,
jnu_fine_snr::lstm::s3,jnu_fine_snr.json,analysis,JNU,modeA_rpm600|arm=orig,,lstm,3,torch+numpy global (train_one); eval noise RNG 未单独设种,100,3513,0.9862896203994751,add_awgn_tensor (per-window power),4|3|2|1|0|-1|-2|-3|-4|-5|-6|-7|-8|-9|-10,conc>=0.90 per SNR,results/ckpt_jnu_fine/lstm_s3.pt,15b69544e0404bebafdd6e35e316e5ee8ea2812e1fb90ddb9ffa6c04a064775b,not captured,cfa51dbecbdb0483,record,
jnu_fine_snr::lstm::s4,jnu_fine_snr.json,analysis,JNU,modeA_rpm600|arm=orig,,lstm,4,torch+numpy global (train_one); eval noise RNG 未单独设种,100,3513,0.9914309978485107,add_awgn_tensor (per-window power),4|3|2|1|0|-1|-2|-3|-4|-5|-6|-7|-8|-9|-10,conc>=0.90 per SNR,results/ckpt_jnu_fine/lstm_s4.pt,2043949223520f01191783b2a407194b7d7acde0c0b7e86a090f06b2bbb1fa76,not captured,cfa51dbecbdb0483,record,
jnu_fine_snr::transformer::s0,jnu_fine_snr.json,analysis,JNU,modeA_rpm600|arm=orig,,transformer,0,torch+numpy global (train_one); eval noise RNG 未单独设种,100,3513,0.9691516757011414,add_awgn_tensor (per-window power),4|3|2|1|0|-1|-2|-3|-4|-5|-6|-7|-8|-9|-10,conc>=0.90 per SNR,results/ckpt_jnu_fine/transformer_s0.pt,5dff63ce4963113e0e455afe032f225a788081c18cd8e1d2952001f277175d9b,not captured,cfa51dbecbdb0483,record,
jnu_fine_snr::transformer::s1,jnu_fine_snr.json,analysis,JNU,modeA_rpm600|arm=orig,,transformer,1,torch+numpy global (train_one); eval noise RNG 未单独设种,100,3513,0.9657240509986877,add_awgn_tensor (per-window power),4|3|2|1|0|-1|-2|-3|-4|-5|-6|-7|-8|-9|-10,conc>=0.90 per SNR,results/ckpt_jnu_fine/transformer_s1.pt,566d651f14efc132e4816e12ca0d7d9f338844e89695978361de21ae420d4972,not captured,cfa51dbecbdb0483,record,
jnu_fine_snr::transformer::s2,jnu_fine_snr.json,analysis,JNU,modeA_rpm600|arm=orig,,transformer,2,torch+numpy global (train_one); eval noise RNG 未单独设种,100,3513,0.9708654880523682,add_awgn_tensor (per-window power),4|3|2|1|0|-1|-2|-3|-4|-5|-6|-7|-8|-9|-10,conc>=0.90 per SNR,results/ckpt_jnu_fine/transformer_s2.pt,94ac1c28535ef661adfa450d67149e321a5d0aa2eb2ae410dc834826c5b1424a,not captured,cfa51dbecbdb0483,record,
jnu_fine_snr::transformer::s3,jnu_fine_snr.json,analysis,JNU,modeA_rpm600|arm=orig,,transformer,3,torch+numpy global (train_one); eval noise RNG 未单独设种,100,3513,0.9640102982521057,add_awgn_tensor (per-window power),4|3|2|1|0|-1|-2|-3|-4|-5|-6|-7|-8|-9|-10,conc>=0.90 per SNR,results/ckpt_jnu_fine/transformer_s3.pt,e098c5b1c3ecfd54ce5b9853bb358ef7f96bd27613495b5d168357b02184732c,not captured,cfa51dbecbdb0483,record,
jnu_fine_snr::transformer::s4,jnu_fine_snr.json,analysis,JNU,modeA_rpm600|arm=orig,,transformer,4,torch+numpy global (train_one); eval noise RNG 未单独设种,100,3513,0.9605826735496521,add_awgn_tensor (per-window power),4|3|2|1|0|-1|-2|-3|-4|-5|-6|-7|-8|-9|-10,conc>=0.90 per SNR,results/ckpt_jnu_fine/transformer_s4.pt,5f93248d0619674ceed89710897209123637109a3986d47856b7ef28178600bc,not captured,cfa51dbecbdb0483,record,
jnu_fine_snr::drsn::s0,jnu_fine_snr.json,analysis,JNU,modeA_rpm600|arm=orig,,drsn,0,torch+numpy global (train_one); eval noise RNG 未单独设种,100,3513,0.9948586225509644,add_awgn_tensor (per-window power),4|3|2|1|0|-1|-2|-3|-4|-5|-6|-7|-8|-9|-10,conc>=0.90 per SNR,results/ckpt_jnu_fine/drsn_s0.pt,d960cb8c7eef3fb48f0f6aba0d2f26705717d5d110785bcf876a56fb2cc32bb5,not captured,cfa51dbecbdb0483,record,
jnu_fine_snr::drsn::s1,jnu_fine_snr.json,analysis,JNU,modeA_rpm600|arm=orig,,drsn,1,torch+numpy global (train_one); eval noise RNG 未单独设种,100,3513,0.9965724349021912,add_awgn_tensor (per-window power),4|3|2|1|0|-1|-2|-3|-4|-5|-6|-7|-8|-9|-10,conc>=0.90 per SNR,results/ckpt_jnu_fine/drsn_s1.pt,8ec0d65cbdcdd3115c73641b65b8d3b8400fc54710cb8941db0004718916de82,not captured,cfa51dbecbdb0483,record,
jnu_fine_snr::drsn::s2,jnu_fine_snr.json,analysis,JNU,modeA_rpm600|arm=orig,,drsn,2,torch+numpy global (train_one); eval noise RNG 未单独设种,100,3513,0.9957154989242554,add_awgn_tensor (per-window power),4|3|2|1|0|-1|-2|-3|-4|-5|-6|-7|-8|-9|-10,conc>=0.90 per SNR,results/ckpt_jnu_fine/drsn_s2.pt,1a81b802558f355093b97621d569e8ee0f5b229f7a530f82933a33590ee915b2,not captured,cfa51dbecbdb0483,record,
jnu_fine_snr::drsn::s3,jnu_fine_snr.json,analysis,JNU,modeA_rpm600|arm=orig,,drsn,3,torch+numpy global (train_one); eval noise RNG 未单独设种,100,3513,0.9957154989242554,add_awgn_tensor (per-window power),4|3|2|1|0|-1|-2|-3|-4|-5|-6|-7|-8|-9|-10,conc>=0.90 per SNR,results/ckpt_jnu_fine/drsn_s3.pt,e457e32a9a56641bd57ab923db09955f97d44e11b4f61308f783d0a09eea0d30,not captured,cfa51dbecbdb0483,record,
jnu_fine_snr::drsn::s4,jnu_fine_snr.json,analysis,JNU,modeA_rpm600|arm=orig,,drsn,4,torch+numpy global (train_one); eval noise RNG 未单独设种,100,3513,0.9940016865730286,add_awgn_tensor (per-window power),4|3|2|1|0|-1|-2|-3|-4|-5|-6|-7|-8|-9|-10,conc>=0.90 per SNR,results/ckpt_jnu_fine/drsn_s4.pt,c111f760c703c752e899ea5e31323ae4b7df31f2be820e3bbde05050ea1bf3c2,not captured,cfa51dbecbdb0483,record,
jnu_arm_balanced::cnn1d::s0,jnu_arm_balanced.json,analysis,JNU,modeA_rpm600|arm=balanced,,cnn1d,0,torch+numpy global (train_one); eval noise RNG 未单独设种,100,2340,1.0,add_awgn_tensor (per-window power),6|4|2|0|-1|-2|-3|-4|-5|-6|-7|-8|-10|-12|-14,conc>=0.90 per SNR,,missing,not captured,cfa51dbecbdb0483,record,
jnu_arm_balanced::cnn1d::s1,jnu_arm_balanced.json,analysis,JNU,modeA_rpm600|arm=balanced,,cnn1d,1,torch+numpy global (train_one); eval noise RNG 未单独设种,100,2340,1.0,add_awgn_tensor (per-window power),6|4|2|0|-1|-2|-3|-4|-5|-6|-7|-8|-10|-12|-14,conc>=0.90 per SNR,,missing,not captured,cfa51dbecbdb0483,record,
jnu_arm_balanced::cnn1d::s2,jnu_arm_balanced.json,analysis,JNU,modeA_rpm600|arm=balanced,,cnn1d,2,torch+numpy global (train_one); eval noise RNG 未单独设种,100,2340,0.999143123626709,add_awgn_tensor (per-window power),6|4|2|0|-1|-2|-3|-4|-5|-6|-7|-8|-10|-12|-14,conc>=0.90 per SNR,,missing,not captured,cfa51dbecbdb0483,record,
jnu_arm_balanced::cnn1d::s3,jnu_arm_balanced.json,analysis,JNU,modeA_rpm600|arm=balanced,,cnn1d,3,torch+numpy global (train_one); eval noise RNG 未单独设种,100,2340,0.999143123626709,add_awgn_tensor (per-window power),6|4|2|0|-1|-2|-3|-4|-5|-6|-7|-8|-10|-12|-14,conc>=0.90 per SNR,,missing,not captured,cfa51dbecbdb0483,record,
jnu_arm_balanced::cnn1d::s4,jnu_arm_balanced.json,analysis,JNU,modeA_rpm600|arm=balanced,,cnn1d,4,torch+numpy global (train_one); eval noise RNG 未单独设种,100,2340,1.0,add_awgn_tensor (per-window power),6|4|2|0|-1|-2|-3|-4|-5|-6|-7|-8|-10|-12|-14,conc>=0.90 per SNR,,missing,not captured,cfa51dbecbdb0483,record,
jnu_arm_balanced::wdcnn::s0,jnu_arm_balanced.json,analysis,JNU,modeA_rpm600|arm=balanced,,wdcnn,0,torch+numpy global (train_one); eval noise RNG 未单独设种,100,2340,1.0,add_awgn_tensor (per-window power),6|4|2|0|-1|-2|-3|-4|-5|-6|-7|-8|-10|-12|-14,conc>=0.90 per SNR,,missing,not captured,cfa51dbecbdb0483,record,
jnu_arm_balanced::wdcnn::s1,jnu_arm_balanced.json,analysis,JNU,modeA_rpm600|arm=balanced,,wdcnn,1,torch+numpy global (train_one); eval noise RNG 未单独设种,100,2340,1.0,add_awgn_tensor (per-window power),6|4|2|0|-1|-2|-3|-4|-5|-6|-7|-8|-10|-12|-14,conc>=0.90 per SNR,,missing,not captured,cfa51dbecbdb0483,record,
jnu_arm_balanced::wdcnn::s2,jnu_arm_balanced.json,analysis,JNU,modeA_rpm600|arm=balanced,,wdcnn,2,torch+numpy global (train_one); eval noise RNG 未单独设种,100,2340,1.0,add_awgn_tensor (per-window power),6|4|2|0|-1|-2|-3|-4|-5|-6|-7|-8|-10|-12|-14,conc>=0.90 per SNR,,missing,not captured,cfa51dbecbdb0483,record,
jnu_arm_balanced::wdcnn::s3,jnu_arm_balanced.json,analysis,JNU,modeA_rpm600|arm=balanced,,wdcnn,3,torch+numpy global (train_one); eval noise RNG 未单独设种,100,2340,1.0,add_awgn_tensor (per-window power),6|4|2|0|-1|-2|-3|-4|-5|-6|-7|-8|-10|-12|-14,conc>=0.90 per SNR,,missing,not captured,cfa51dbecbdb0483,record,
jnu_arm_balanced::wdcnn::s4,jnu_arm_balanced.json,analysis,JNU,modeA_rpm600|arm=balanced,,wdcnn,4,torch+numpy global (train_one); eval noise RNG 未单独设种,100,2340,1.0,add_awgn_tensor (per-window power),6|4|2|0|-1|-2|-3|-4|-5|-6|-7|-8|-10|-12|-14,conc>=0.90 per SNR,,missing,not captured,cfa51dbecbdb0483,record,
jnu_arm_balanced::lstm::s0,jnu_arm_balanced.json,analysis,JNU,modeA_rpm600|arm=balanced,,lstm,0,torch+numpy global (train_one); eval noise RNG 未单独设种,100,2340,0.9828620553016663,add_awgn_tensor (per-window power),6|4|2|0|-1|-2|-3|-4|-5|-6|-7|-8|-10|-12|-14,conc>=0.90 per SNR,,missing,not captured,cfa51dbecbdb0483,record,
jnu_arm_balanced::lstm::s1,jnu_arm_balanced.json,analysis,JNU,modeA_rpm600|arm=balanced,,lstm,1,torch+numpy global (train_one); eval noise RNG 未单独设种,100,2340,0.9854327440261841,add_awgn_tensor (per-window power),6|4|2|0|-1|-2|-3|-4|-5|-6|-7|-8|-10|-12|-14,conc>=0.90 per SNR,,missing,not captured,cfa51dbecbdb0483,record,
jnu_arm_balanced::lstm::s2,jnu_arm_balanced.json,analysis,JNU,modeA_rpm600|arm=balanced,,lstm,2,torch+numpy global (train_one); eval noise RNG 未单独设种,100,2340,0.9845758080482483,add_awgn_tensor (per-window power),6|4|2|0|-1|-2|-3|-4|-5|-6|-7|-8|-10|-12|-14,conc>=0.90 per SNR,,missing,not captured,cfa51dbecbdb0483,record,
jnu_arm_balanced::lstm::s3,jnu_arm_balanced.json,analysis,JNU,modeA_rpm600|arm=balanced,,lstm,3,torch+numpy global (train_one); eval noise RNG 未单独设种,100,2340,0.9905741214752197,add_awgn_tensor (per-window power),6|4|2|0|-1|-2|-3|-4|-5|-6|-7|-8|-10|-12|-14,conc>=0.90 per SNR,,missing,not captured,cfa51dbecbdb0483,record,
jnu_arm_balanced::lstm::s4,jnu_arm_balanced.json,analysis,JNU,modeA_rpm600|arm=balanced,,lstm,4,torch+numpy global (train_one); eval noise RNG 未单独设种,100,2340,0.9811482429504395,add_awgn_tensor (per-window power),6|4|2|0|-1|-2|-3|-4|-5|-6|-7|-8|-10|-12|-14,conc>=0.90 per SNR,,missing,not captured,cfa51dbecbdb0483,record,
jnu_arm_balanced::transformer::s0,jnu_arm_balanced.json,analysis,JNU,modeA_rpm600|arm=balanced,,transformer,0,torch+numpy global (train_one); eval noise RNG 未单独设种,100,2340,0.9571551084518433,add_awgn_tensor (per-window power),6|4|2|0|-1|-2|-3|-4|-5|-6|-7|-8|-10|-12|-14,conc>=0.90 per SNR,,missing,not captured,cfa51dbecbdb0483,record,
jnu_arm_balanced::transformer::s1,jnu_arm_balanced.json,analysis,JNU,modeA_rpm600|arm=balanced,,transformer,1,torch+numpy global (train_one); eval noise RNG 未单独设种,100,2340,0.9597257971763611,add_awgn_tensor (per-window power),6|4|2|0|-1|-2|-3|-4|-5|-6|-7|-8|-10|-12|-14,conc>=0.90 per SNR,,missing,not captured,cfa51dbecbdb0483,record,
jnu_arm_balanced::transformer::s2,jnu_arm_balanced.json,analysis,JNU,modeA_rpm600|arm=balanced,,transformer,2,torch+numpy global (train_one); eval noise RNG 未单独设种,100,2340,0.9640102982521057,add_awgn_tensor (per-window power),6|4|2|0|-1|-2|-3|-4|-5|-6|-7|-8|-10|-12|-14,conc>=0.90 per SNR,,missing,not captured,cfa51dbecbdb0483,record,
jnu_arm_balanced::transformer::s3,jnu_arm_balanced.json,analysis,JNU,modeA_rpm600|arm=balanced,,transformer,3,torch+numpy global (train_one); eval noise RNG 未单独设种,100,2340,0.9614396095275879,add_awgn_tensor (per-window power),6|4|2|0|-1|-2|-3|-4|-5|-6|-7|-8|-10|-12|-14,conc>=0.90 per SNR,,missing,not captured,cfa51dbecbdb0483,record,
jnu_arm_balanced::transformer::s4,jnu_arm_balanced.json,analysis,JNU,modeA_rpm600|arm=balanced,,transformer,4,torch+numpy global (train_one); eval noise RNG 未单独设种,100,2340,0.9640102982521057,add_awgn_tensor (per-window power),6|4|2|0|-1|-2|-3|-4|-5|-6|-7|-8|-10|-12|-14,conc>=0.90 per SNR,,missing,not captured,cfa51dbecbdb0483,record,
jnu_arm_balanced::drsn::s0,jnu_arm_balanced.json,analysis,JNU,modeA_rpm600|arm=balanced,,drsn,0,torch+numpy global (train_one); eval noise RNG 未单独设种,100,2340,0.9931448101997375,add_awgn_tensor (per-window power),6|4|2|0|-1|-2|-3|-4|-5|-6|-7|-8|-10|-12|-14,conc>=0.90 per SNR,,missing,not captured,cfa51dbecbdb0483,record,
jnu_arm_balanced::drsn::s1,jnu_arm_balanced.json,analysis,JNU,modeA_rpm600|arm=balanced,,drsn,1,torch+numpy global (train_one); eval noise RNG 未单独设种,100,2340,0.9940016865730286,add_awgn_tensor (per-window power),6|4|2|0|-1|-2|-3|-4|-5|-6|-7|-8|-10|-12|-14,conc>=0.90 per SNR,,missing,not captured,cfa51dbecbdb0483,record,
jnu_arm_balanced::drsn::s2,jnu_arm_balanced.json,analysis,JNU,modeA_rpm600|arm=balanced,,drsn,2,torch+numpy global (train_one); eval noise RNG 未单独设种,100,2340,0.9957154989242554,add_awgn_tensor (per-window power),6|4|2|0|-1|-2|-3|-4|-5|-6|-7|-8|-10|-12|-14,conc>=0.90 per SNR,,missing,not captured,cfa51dbecbdb0483,record,
jnu_arm_balanced::drsn::s3,jnu_arm_balanced.json,analysis,JNU,modeA_rpm600|arm=balanced,,drsn,3,torch+numpy global (train_one); eval noise RNG 未单独设种,100,2340,0.9931448101997375,add_awgn_tensor (per-window power),6|4|2|0|-1|-2|-3|-4|-5|-6|-7|-8|-10|-12|-14,conc>=0.90 per SNR,,missing,not captured,cfa51dbecbdb0483,record,
jnu_arm_balanced::drsn::s4,jnu_arm_balanced.json,analysis,JNU,modeA_rpm600|arm=balanced,,drsn,4,torch+numpy global (train_one); eval noise RNG 未单独设种,100,2340,0.9940016865730286,add_awgn_tensor (per-window power),6|4|2|0|-1|-2|-3|-4|-5|-6|-7|-8|-10|-12|-14,conc>=0.90 per SNR,,missing,not captured,cfa51dbecbdb0483,record,
jnu_arm_subsample::cnn1d::s0,jnu_arm_subsample.json,analysis,JNU,modeA_rpm600|arm=subsample,,cnn1d,0,torch+numpy global (train_one); eval noise RNG 未单独设种,100,2341,1.0,add_awgn_tensor (per-window power),6|4|2|0|-1|-2|-3|-4|-5|-6|-7|-8|-10|-12|-14,conc>=0.90 per SNR,,missing,not captured,cfa51dbecbdb0483,record,
jnu_arm_subsample::cnn1d::s1,jnu_arm_subsample.json,analysis,JNU,modeA_rpm600|arm=subsample,,cnn1d,1,torch+numpy global (train_one); eval noise RNG 未单独设种,100,2341,1.0,add_awgn_tensor (per-window power),6|4|2|0|-1|-2|-3|-4|-5|-6|-7|-8|-10|-12|-14,conc>=0.90 per SNR,,missing,not captured,cfa51dbecbdb0483,record,
jnu_arm_subsample::cnn1d::s2,jnu_arm_subsample.json,analysis,JNU,modeA_rpm600|arm=subsample,,cnn1d,2,torch+numpy global (train_one); eval noise RNG 未单独设种,100,2341,1.0,add_awgn_tensor (per-window power),6|4|2|0|-1|-2|-3|-4|-5|-6|-7|-8|-10|-12|-14,conc>=0.90 per SNR,,missing,not captured,cfa51dbecbdb0483,record,
jnu_arm_subsample::cnn1d::s3,jnu_arm_subsample.json,analysis,JNU,modeA_rpm600|arm=subsample,,cnn1d,3,torch+numpy global (train_one); eval noise RNG 未单独设种,100,2341,1.0,add_awgn_tensor (per-window power),6|4|2|0|-1|-2|-3|-4|-5|-6|-7|-8|-10|-12|-14,conc>=0.90 per SNR,,missing,not captured,cfa51dbecbdb0483,record,
jnu_arm_subsample::cnn1d::s4,jnu_arm_subsample.json,analysis,JNU,modeA_rpm600|arm=subsample,,cnn1d,4,torch+numpy global (train_one); eval noise RNG 未单独设种,100,2341,1.0,add_awgn_tensor (per-window power),6|4|2|0|-1|-2|-3|-4|-5|-6|-7|-8|-10|-12|-14,conc>=0.90 per SNR,,missing,not captured,cfa51dbecbdb0483,record,
jnu_arm_subsample::wdcnn::s0,jnu_arm_subsample.json,analysis,JNU,modeA_rpm600|arm=subsample,,wdcnn,0,torch+numpy global (train_one); eval noise RNG 未单独设种,100,2341,0.999143123626709,add_awgn_tensor (per-window power),6|4|2|0|-1|-2|-3|-4|-5|-6|-7|-8|-10|-12|-14,conc>=0.90 per SNR,,missing,not captured,cfa51dbecbdb0483,record,
jnu_arm_subsample::wdcnn::s1,jnu_arm_subsample.json,analysis,JNU,modeA_rpm600|arm=subsample,,wdcnn,1,torch+numpy global (train_one); eval noise RNG 未单独设种,100,2341,1.0,add_awgn_tensor (per-window power),6|4|2|0|-1|-2|-3|-4|-5|-6|-7|-8|-10|-12|-14,conc>=0.90 per SNR,,missing,not captured,cfa51dbecbdb0483,record,
jnu_arm_subsample::wdcnn::s2,jnu_arm_subsample.json,analysis,JNU,modeA_rpm600|arm=subsample,,wdcnn,2,torch+numpy global (train_one); eval noise RNG 未单独设种,100,2341,1.0,add_awgn_tensor (per-window power),6|4|2|0|-1|-2|-3|-4|-5|-6|-7|-8|-10|-12|-14,conc>=0.90 per SNR,,missing,not captured,cfa51dbecbdb0483,record,
jnu_arm_subsample::wdcnn::s3,jnu_arm_subsample.json,analysis,JNU,modeA_rpm600|arm=subsample,,wdcnn,3,torch+numpy global (train_one); eval noise RNG 未单独设种,100,2341,1.0,add_awgn_tensor (per-window power),6|4|2|0|-1|-2|-3|-4|-5|-6|-7|-8|-10|-12|-14,conc>=0.90 per SNR,,missing,not captured,cfa51dbecbdb0483,record,
jnu_arm_subsample::wdcnn::s4,jnu_arm_subsample.json,analysis,JNU,modeA_rpm600|arm=subsample,,wdcnn,4,torch+numpy global (train_one); eval noise RNG 未单独设种,100,2341,1.0,add_awgn_tensor (per-window power),6|4|2|0|-1|-2|-3|-4|-5|-6|-7|-8|-10|-12|-14,conc>=0.90 per SNR,,missing,not captured,cfa51dbecbdb0483,record,
jnu_arm_subsample::lstm::s0,jnu_arm_subsample.json,analysis,JNU,modeA_rpm600|arm=subsample,,lstm,0,torch+numpy global (train_one); eval noise RNG 未单独设种,100,2341,0.9802913665771484,add_awgn_tensor (per-window power),6|4|2|0|-1|-2|-3|-4|-5|-6|-7|-8|-10|-12|-14,conc>=0.90 per SNR,,missing,not captured,cfa51dbecbdb0483,record,
jnu_arm_subsample::lstm::s1,jnu_arm_subsample.json,analysis,JNU,modeA_rpm600|arm=subsample,,lstm,1,torch+numpy global (train_one); eval noise RNG 未单独设种,100,2341,0.9820051193237305,add_awgn_tensor (per-window power),6|4|2|0|-1|-2|-3|-4|-5|-6|-7|-8|-10|-12|-14,conc>=0.90 per SNR,,missing,not captured,cfa51dbecbdb0483,record,
jnu_arm_subsample::lstm::s2,jnu_arm_subsample.json,analysis,JNU,modeA_rpm600|arm=subsample,,lstm,2,torch+numpy global (train_one); eval noise RNG 未单独设种,100,2341,0.9845758080482483,add_awgn_tensor (per-window power),6|4|2|0|-1|-2|-3|-4|-5|-6|-7|-8|-10|-12|-14,conc>=0.90 per SNR,,missing,not captured,cfa51dbecbdb0483,record,
jnu_arm_subsample::lstm::s3,jnu_arm_subsample.json,analysis,JNU,modeA_rpm600|arm=subsample,,lstm,3,torch+numpy global (train_one); eval noise RNG 未单独设种,100,2341,0.9845758080482483,add_awgn_tensor (per-window power),6|4|2|0|-1|-2|-3|-4|-5|-6|-7|-8|-10|-12|-14,conc>=0.90 per SNR,,missing,not captured,cfa51dbecbdb0483,record,
jnu_arm_subsample::lstm::s4,jnu_arm_subsample.json,analysis,JNU,modeA_rpm600|arm=subsample,,lstm,4,torch+numpy global (train_one); eval noise RNG 未单独设种,100,2341,0.9837189316749573,add_awgn_tensor (per-window power),6|4|2|0|-1|-2|-3|-4|-5|-6|-7|-8|-10|-12|-14,conc>=0.90 per SNR,,missing,not captured,cfa51dbecbdb0483,record,
jnu_arm_subsample::transformer::s0,jnu_arm_subsample.json,analysis,JNU,modeA_rpm600|arm=subsample,,transformer,0,torch+numpy global (train_one); eval noise RNG 未单独设种,100,2341,0.9554412961006165,add_awgn_tensor (per-window power),6|4|2|0|-1|-2|-3|-4|-5|-6|-7|-8|-10|-12|-14,conc>=0.90 per SNR,,missing,not captured,cfa51dbecbdb0483,record,
jnu_arm_subsample::transformer::s1,jnu_arm_subsample.json,analysis,JNU,modeA_rpm600|arm=subsample,,transformer,1,torch+numpy global (train_one); eval noise RNG 未单独设种,100,2341,0.9502999186515808,add_awgn_tensor (per-window power),6|4|2|0|-1|-2|-3|-4|-5|-6|-7|-8|-10|-12|-14,conc>=0.90 per SNR,,missing,not captured,cfa51dbecbdb0483,record,
jnu_arm_subsample::transformer::s2,jnu_arm_subsample.json,analysis,JNU,modeA_rpm600|arm=subsample,,transformer,2,torch+numpy global (train_one); eval noise RNG 未单独设种,100,2341,0.9494430422782898,add_awgn_tensor (per-window power),6|4|2|0|-1|-2|-3|-4|-5|-6|-7|-8|-10|-12|-14,conc>=0.90 per SNR,,missing,not captured,cfa51dbecbdb0483,record,
jnu_arm_subsample::transformer::s3,jnu_arm_subsample.json,analysis,JNU,modeA_rpm600|arm=subsample,,transformer,3,torch+numpy global (train_one); eval noise RNG 未单独设种,100,2341,0.9648671746253967,add_awgn_tensor (per-window power),6|4|2|0|-1|-2|-3|-4|-5|-6|-7|-8|-10|-12|-14,conc>=0.90 per SNR,,missing,not captured,cfa51dbecbdb0483,record,
jnu_arm_subsample::transformer::s4,jnu_arm_subsample.json,analysis,JNU,modeA_rpm600|arm=subsample,,transformer,4,torch+numpy global (train_one); eval noise RNG 未单独设种,100,2341,0.9537274837493896,add_awgn_tensor (per-window power),6|4|2|0|-1|-2|-3|-4|-5|-6|-7|-8|-10|-12|-14,conc>=0.90 per SNR,,missing,not captured,cfa51dbecbdb0483,record,
jnu_arm_subsample::drsn::s0,jnu_arm_subsample.json,analysis,JNU,modeA_rpm600|arm=subsample,,drsn,0,torch+numpy global (train_one); eval noise RNG 未单独设种,100,2341,0.9948586225509644,add_awgn_tensor (per-window power),6|4|2|0|-1|-2|-3|-4|-5|-6|-7|-8|-10|-12|-14,conc>=0.90 per SNR,,missing,not captured,cfa51dbecbdb0483,record,
jnu_arm_subsample::drsn::s1,jnu_arm_subsample.json,analysis,JNU,modeA_rpm600|arm=subsample,,drsn,1,torch+numpy global (train_one); eval noise RNG 未单独设种,100,2341,0.9948586225509644,add_awgn_tensor (per-window power),6|4|2|0|-1|-2|-3|-4|-5|-6|-7|-8|-10|-12|-14,conc>=0.90 per SNR,,missing,not captured,cfa51dbecbdb0483,record,
jnu_arm_subsample::drsn::s2,jnu_arm_subsample.json,analysis,JNU,modeA_rpm600|arm=subsample,,drsn,2,torch+numpy global (train_one); eval noise RNG 未单独设种,100,2341,0.9940016865730286,add_awgn_tensor (per-window power),6|4|2|0|-1|-2|-3|-4|-5|-6|-7|-8|-10|-12|-14,conc>=0.90 per SNR,,missing,not captured,cfa51dbecbdb0483,record,
jnu_arm_subsample::drsn::s3,jnu_arm_subsample.json,analysis,JNU,modeA_rpm600|arm=subsample,,drsn,3,torch+numpy global (train_one); eval noise RNG 未单独设种,100,2341,0.9922879338264465,add_awgn_tensor (per-window power),6|4|2|0|-1|-2|-3|-4|-5|-6|-7|-8|-10|-12|-14,conc>=0.90 per SNR,,missing,not captured,cfa51dbecbdb0483,record,
jnu_arm_subsample::drsn::s4,jnu_arm_subsample.json,analysis,JNU,modeA_rpm600|arm=subsample,,drsn,4,torch+numpy global (train_one); eval noise RNG 未单独设种,100,2341,0.9948586225509644,add_awgn_tensor (per-window power),6|4|2|0|-1|-2|-3|-4|-5|-6|-7|-8|-10|-12|-14,conc>=0.90 per SNR,,missing,not captured,cfa51dbecbdb0483,record,
pu_fine_snr::cnn1d::s0,pu_fine_snr.json,analysis,PU,"N15_M07_F10|time60/20/20|K001-3,KA04/15/16,KI04/14/17",,cnn1d,0,torch+numpy global (train_one); eval noise RNG 未单独设种,100,16146,0.9801720976829529,add_awgn_tensor (per-window power),6|4|2|0|-1|-2|-3|-4|-5|-6|-7|-8|-10|-12|-14,conc>=0.90 per SNR,,missing,not captured,cfa51dbecbdb0483,record,
pu_fine_snr::cnn1d::s1,pu_fine_snr.json,analysis,PU,"N15_M07_F10|time60/20/20|K001-3,KA04/15/16,KI04/14/17",,cnn1d,1,torch+numpy global (train_one); eval noise RNG 未单独设种,100,16146,0.981855571269989,add_awgn_tensor (per-window power),6|4|2|0|-1|-2|-3|-4|-5|-6|-7|-8|-10|-12|-14,conc>=0.90 per SNR,,missing,not captured,cfa51dbecbdb0483,record,
pu_fine_snr::cnn1d::s2,pu_fine_snr.json,analysis,PU,"N15_M07_F10|time60/20/20|K001-3,KA04/15/16,KI04/14/17",,cnn1d,2,torch+numpy global (train_one); eval noise RNG 未单独设种,100,16146,0.9805461764335632,add_awgn_tensor (per-window power),6|4|2|0|-1|-2|-3|-4|-5|-6|-7|-8|-10|-12|-14,conc>=0.90 per SNR,,missing,not captured,cfa51dbecbdb0483,record,
pu_fine_snr::cnn1d::s3,pu_fine_snr.json,analysis,PU,"N15_M07_F10|time60/20/20|K001-3,KA04/15/16,KI04/14/17",,cnn1d,3,torch+numpy global (train_one); eval noise RNG 未单独设种,100,16146,0.9811073541641235,add_awgn_tensor (per-window power),6|4|2|0|-1|-2|-3|-4|-5|-6|-7|-8|-10|-12|-14,conc>=0.90 per SNR,,missing,not captured,cfa51dbecbdb0483,record,
pu_fine_snr::cnn1d::s4,pu_fine_snr.json,analysis,PU,"N15_M07_F10|time60/20/20|K001-3,KA04/15/16,KI04/14/17",,cnn1d,4,torch+numpy global (train_one); eval noise RNG 未单独设种,100,16146,0.9816685318946838,add_awgn_tensor (per-window power),6|4|2|0|-1|-2|-3|-4|-5|-6|-7|-8|-10|-12|-14,conc>=0.90 per SNR,,missing,not captured,cfa51dbecbdb0483,record,
pu_fine_snr::wdcnn::s0,pu_fine_snr.json,analysis,PU,"N15_M07_F10|time60/20/20|K001-3,KA04/15/16,KI04/14/17",,wdcnn,0,torch+numpy global (train_one); eval noise RNG 未单独设种,100,16146,0.9983165264129639,add_awgn_tensor (per-window power),6|4|2|0|-1|-2|-3|-4|-5|-6|-7|-8|-10|-12|-14,conc>=0.90 per SNR,,missing,not captured,cfa51dbecbdb0483,record,
pu_fine_snr::wdcnn::s1,pu_fine_snr.json,analysis,PU,"N15_M07_F10|time60/20/20|K001-3,KA04/15/16,KI04/14/17",,wdcnn,1,torch+numpy global (train_one); eval noise RNG 未单独设种,100,16146,0.9981294274330139,add_awgn_tensor (per-window power),6|4|2|0|-1|-2|-3|-4|-5|-6|-7|-8|-10|-12|-14,conc>=0.90 per SNR,,missing,not captured,cfa51dbecbdb0483,record,
pu_fine_snr::wdcnn::s2,pu_fine_snr.json,analysis,PU,"N15_M07_F10|time60/20/20|K001-3,KA04/15/16,KI04/14/17",,wdcnn,2,torch+numpy global (train_one); eval noise RNG 未单独设种,100,16146,0.9977553486824036,add_awgn_tensor (per-window power),6|4|2|0|-1|-2|-3|-4|-5|-6|-7|-8|-10|-12|-14,conc>=0.90 per SNR,,missing,not captured,cfa51dbecbdb0483,record,
pu_fine_snr::wdcnn::s3,pu_fine_snr.json,analysis,PU,"N15_M07_F10|time60/20/20|K001-3,KA04/15/16,KI04/14/17",,wdcnn,3,torch+numpy global (train_one); eval noise RNG 未单独设种,100,16146,0.9988776445388794,add_awgn_tensor (per-window power),6|4|2|0|-1|-2|-3|-4|-5|-6|-7|-8|-10|-12|-14,conc>=0.90 per SNR,,missing,not captured,cfa51dbecbdb0483,record,
pu_fine_snr::wdcnn::s4,pu_fine_snr.json,analysis,PU,"N15_M07_F10|time60/20/20|K001-3,KA04/15/16,KI04/14/17",,wdcnn,4,torch+numpy global (train_one); eval noise RNG 未单独设种,100,16146,0.9986906051635742,add_awgn_tensor (per-window power),6|4|2|0|-1|-2|-3|-4|-5|-6|-7|-8|-10|-12|-14,conc>=0.90 per SNR,,missing,not captured,cfa51dbecbdb0483,record,
pu_fine_snr::lstm::s0,pu_fine_snr.json,analysis,PU,"N15_M07_F10|time60/20/20|K001-3,KA04/15/16,KI04/14/17",,lstm,0,torch+numpy global (train_one); eval noise RNG 未单独设种,100,16146,0.9932659864425659,add_awgn_tensor (per-window power),6|4|2|0|-1|-2|-3|-4|-5|-6|-7|-8|-10|-12|-14,conc>=0.90 per SNR,,missing,not captured,cfa51dbecbdb0483,record,
pu_fine_snr::lstm::s1,pu_fine_snr.json,analysis,PU,"N15_M07_F10|time60/20/20|K001-3,KA04/15/16,KI04/14/17",,lstm,1,torch+numpy global (train_one); eval noise RNG 未单独设种,100,16146,0.9945753812789917,add_awgn_tensor (per-window power),6|4|2|0|-1|-2|-3|-4|-5|-6|-7|-8|-10|-12|-14,conc>=0.90 per SNR,,missing,not captured,cfa51dbecbdb0483,record,
pu_fine_snr::lstm::s2,pu_fine_snr.json,analysis,PU,"N15_M07_F10|time60/20/20|K001-3,KA04/15/16,KI04/14/17",,lstm,2,torch+numpy global (train_one); eval noise RNG 未单独设种,100,16146,0.9932659864425659,add_awgn_tensor (per-window power),6|4|2|0|-1|-2|-3|-4|-5|-6|-7|-8|-10|-12|-14,conc>=0.90 per SNR,,missing,not captured,cfa51dbecbdb0483,record,
pu_fine_snr::lstm::s3,pu_fine_snr.json,analysis,PU,"N15_M07_F10|time60/20/20|K001-3,KA04/15/16,KI04/14/17",,lstm,3,torch+numpy global (train_one); eval noise RNG 未单独设种,100,16146,0.9945753812789917,add_awgn_tensor (per-window power),6|4|2|0|-1|-2|-3|-4|-5|-6|-7|-8|-10|-12|-14,conc>=0.90 per SNR,,missing,not captured,cfa51dbecbdb0483,record,
pu_fine_snr::lstm::s4,pu_fine_snr.json,analysis,PU,"N15_M07_F10|time60/20/20|K001-3,KA04/15/16,KI04/14/17",,lstm,4,torch+numpy global (train_one); eval noise RNG 未单独设种,100,16146,0.9940142035484314,add_awgn_tensor (per-window power),6|4|2|0|-1|-2|-3|-4|-5|-6|-7|-8|-10|-12|-14,conc>=0.90 per SNR,,missing,not captured,cfa51dbecbdb0483,record,
pu_fine_snr::transformer::s0,pu_fine_snr.json,analysis,PU,"N15_M07_F10|time60/20/20|K001-3,KA04/15/16,KI04/14/17",,transformer,0,torch+numpy global (train_one); eval noise RNG 未单独设种,100,16146,0.9594088792800903,add_awgn_tensor (per-window power),6|4|2|0|-1|-2|-3|-4|-5|-6|-7|-8|-10|-12|-14,conc>=0.90 per SNR,,missing,not captured,cfa51dbecbdb0483,record,
pu_fine_snr::transformer::s1,pu_fine_snr.json,analysis,PU,"N15_M07_F10|time60/20/20|K001-3,KA04/15/16,KI04/14/17",,transformer,1,torch+numpy global (train_one); eval noise RNG 未单独设种,100,16146,0.9629629850387573,add_awgn_tensor (per-window power),6|4|2|0|-1|-2|-3|-4|-5|-6|-7|-8|-10|-12|-14,conc>=0.90 per SNR,,missing,not captured,cfa51dbecbdb0483,record,
pu_fine_snr::transformer::s2,pu_fine_snr.json,analysis,PU,"N15_M07_F10|time60/20/20|K001-3,KA04/15/16,KI04/14/17",,transformer,2,torch+numpy global (train_one); eval noise RNG 未单独设种,100,16146,0.9586606621742249,add_awgn_tensor (per-window power),6|4|2|0|-1|-2|-3|-4|-5|-6|-7|-8|-10|-12|-14,conc>=0.90 per SNR,,missing,not captured,cfa51dbecbdb0483,record,
pu_fine_snr::transformer::s3,pu_fine_snr.json,analysis,PU,"N15_M07_F10|time60/20/20|K001-3,KA04/15/16,KI04/14/17",,transformer,3,torch+numpy global (train_one); eval noise RNG 未单独设种,100,16146,0.9625888466835022,add_awgn_tensor (per-window power),6|4|2|0|-1|-2|-3|-4|-5|-6|-7|-8|-10|-12|-14,conc>=0.90 per SNR,,missing,not captured,cfa51dbecbdb0483,record,
jnu_smoke::wdcnn::s0,jnu_smoke.json,smoke,JNU,modeA_rpm600,,wdcnn,0,torch+numpy global (train_one); eval noise RNG 未单独设种,unknown,,0.9845758080482483,add_awgn_tensor (per-window power),0|-4|-8,conc>=0.90 per SNR,,missing,not captured,cfa51dbecbdb0483,record,
jnu_fine_smoke::wdcnn::s0,jnu_fine_smoke.json,smoke,JNU,modeA_rpm600,,wdcnn,0,torch+numpy global (train_one); eval noise RNG 未单独设种,unknown,3513,0.9597257971763611,add_awgn_tensor (per-window power),4|3|2|1|0|-1|-2|-3|-4|-5|-6|-7|-8|-9|-10,conc>=0.90 per SNR,,missing,not captured,cfa51dbecbdb0483,record,
jnu_arm_smoke_balanced::wdcnn::s0,jnu_arm_smoke_balanced.json,smoke,JNU,arm=balanced,,wdcnn,0,torch+numpy global (train_one); eval noise RNG 未单独设种,unknown,2340,0.9974293112754822,add_awgn_tensor (per-window power),0|-8,conc>=0.90 per SNR,,missing,not captured,cfa51dbecbdb0483,record,
jnu_arm_smoke_subsample::wdcnn::s0,jnu_arm_smoke_subsample.json,smoke,JNU,arm=subsample,,wdcnn,0,torch+numpy global (train_one); eval noise RNG 未单独设种,unknown,2341,0.9982861876487732,add_awgn_tensor (per-window power),0|-8,conc>=0.90 per SNR,,missing,not captured,cfa51dbecbdb0483,record,
pu_smoke::wdcnn::s0,pu_smoke.json,smoke,PU,-,,wdcnn,0,torch+numpy global (train_one); eval noise RNG 未单独设种,unknown,4491,0.1845913976430893,add_awgn_tensor (per-window power),4|2|0|-2|-4|-6|-8|-10,conc>=0.90 per SNR,,missing,not captured,cfa51dbecbdb0483,record,
pu_probe::wdcnn::s0,pu_probe.json,smoke,PU,individual-split (失败协议),,wdcnn,0,torch+numpy global (train_one); eval noise RNG 未单独设种,unknown,8982,0.24270763993263245,add_awgn_tensor (per-window power),4|0|-4|-8,conc>=0.90 per SNR,,missing,not captured,cfa51dbecbdb0483,record,
pu_probe2::wdcnn::s0,pu_probe2.json,smoke,PU,time-split,,wdcnn,0,torch+numpy global (train_one); eval noise RNG 未单独设种,unknown,16146,0.9986906051635742,add_awgn_tensor (per-window power),4|0|-4|-8,conc>=0.90 per SNR,,missing,not captured,cfa51dbecbdb0483,record,
