file_id,cwru_file,cls,fault_size_in,motor_load_hp,split_40file,windows,in_16file_subset
B007_load2,120.mat,B,0.007″,2,test,236,True
B014_load3,188.mat,B,0.014″,3,test,237,False
B021_load3,225.mat,B,0.021″,3,test,237,False
IR014_load0,169.mat,IR,0.014″,0,test,236,False
IR014_load3,172.mat,IR,0.014″,3,test,236,False
IR021_load2,211.mat,IR,0.021″,2,test,236,False
Normal_load1,98.mat,Normal,,1,test,944,True
OR014@6_load1,198.mat,OR,0.014″,1,test,237,False
OR021@6_load1,235.mat,OR,0.021″,1,test,237,False
OR021@6_load3,237.mat,OR,0.021″,3,test,237,False
B007_load0,118.mat,B,0.007″,0,train,238,True
B007_load1,119.mat,B,0.007″,1,train,236,True
B007_load3,121.mat,B,0.007″,3,train,236,True
B014_load2,187.mat,B,0.014″,2,train,237,False
B021_load0,222.mat,B,0.021″,0,train,237,False
B021_load1,223.mat,B,0.021″,1,train,236,False
B021_load2,224.mat,B,0.021″,2,train,237,False
IR007_load0,105.mat,IR,0.007″,0,train,235,True
IR007_load2,107.mat,IR,0.007″,2,train,237,True
IR007_load3,108.mat,IR,0.007″,3,train,239,True
IR014_load1,170.mat,IR,0.014″,1,train,236,False
IR021_load0,209.mat,IR,0.021″,0,train,237,False
IR021_load1,210.mat,IR,0.021″,1,train,236,False
IR021_load3,212.mat,IR,0.021″,3,train,237,False
Normal_load0,97.mat,Normal,,0,train,475,True
Normal_load2,99.mat,Normal,,2,train,944,True
OR007@6_load1,131.mat,OR,0.007″,1,train,238,True
OR007@6_load2,132.mat,OR,0.007″,2,train,236,True
OR007@6_load3,133.mat,OR,0.007″,3,train,238,True
OR014@6_load0,197.mat,OR,0.014″,0,train,236,False
OR014@6_load2,199.mat,OR,0.014″,2,train,236,False
OR014@6_load3,200.mat,OR,0.014″,3,train,237,False
OR021@6_load2,236.mat,OR,0.021″,2,train,237,False
B014_load0,185.mat,B,0.014″,0,val,236,False
B014_load1,186.mat,B,0.014″,1,val,237,False
IR007_load1,106.mat,IR,0.007″,1,val,237,True
IR014_load2,171.mat,IR,0.014″,2,val,236,False
Normal_load3,100.mat,Normal,,3,val,947,True
OR007@6_load0,130.mat,OR,0.007″,0,val,237,True
OR021@6_load0,234.mat,OR,0.021″,0,val,238,False
